category,metric,label,direction,n,p05,p25,p50,p75,p95,best_break_depth,reason
C,isoform_conservation_frame_mammalian_canonical_frac_intact,isoform_conservation_frame_mammalian_canonical_frac_intact high,>=,6426,0.1,0.3,0.6,0.75,0.9,1.0,"no in-band cutoff — continuous, range-filter it instead"
C,isoform_conservation_frame_mammalian_canonical_max_depth,isoform_conservation_frame_mammalian_canonical_max_depth high,>=,6350,5.0,11.0,12.0,12.0,12.0,1.0,"no in-band cutoff — continuous, range-filter it instead"
C,isoform_conservation_frame_mammalian_canonical_mean_pident,isoform_conservation_frame_mammalian_canonical_mean_pident high,>=,6426,0.7666153060963053,0.8779926869081682,0.930696363452215,0.966757810633373,0.9901957550353218,1.0,"no in-band cutoff — continuous, range-filter it instead"
C,isoform_conservation_frame_mammalian_canonical_n_species_aligned,isoform_conservation_frame_mammalian_canonical_n_species_aligned high,>=,6426,19.0,20.0,20.0,20.0,20.0,1.0,"no in-band cutoff — continuous, range-filter it instead"
C,isoform_conservation_frame_mammalian_canonical_n_species_intact_frame,isoform_conservation_frame_mammalian_canonical_n_species_intact_frame high,>=,6426,2.0,6.0,12.0,15.0,18.0,1.0,"no in-band cutoff — continuous, range-filter it instead"
C,isoform_conservation_frame_mammalian_canonical_start_codon_conserved,isoform_conservation_frame_mammalian_canonical_start_codon_conserved high,>=,6425,0.75,0.9473684210526315,1.0,1.0,1.0,1.0,"no in-band cutoff — continuous, range-filter it instead"
C,isoform_conservation_frame_mammalian_frac_intact,isoform_conservation_frame_mammalian_frac_intact high,>=,6426,0.1,0.45,0.8,0.95,1.0,1.0,"no in-band cutoff — continuous, range-filter it instead"
C,isoform_conservation_frame_mammalian_max_depth,isoform_conservation_frame_mammalian_max_depth high,>=,6355,5.0,12.0,12.0,12.0,12.0,1.0,"no in-band cutoff — continuous, range-filter it instead"
C,isoform_conservation_frame_mammalian_n_species_aligned,isoform_conservation_frame_mammalian_n_species_aligned high,>=,6426,15.0,19.0,20.0,20.0,20.0,1.0,"no in-band cutoff — continuous, range-filter it instead"
C,isoform_conservation_frame_mammalian_n_species_intact_frame,isoform_conservation_frame_mammalian_n_species_intact_frame high,>=,6426,2.0,8.0,15.0,18.0,20.0,1.0,"no in-band cutoff — continuous, range-filter it instead"
C,isoform_conservation_frame_primate_canonical_frac_intact,isoform_conservation_frame_primate_canonical_frac_intact high,>=,6426,0.32,0.76,0.84,0.92,1.0,1.0,"no in-band cutoff — continuous, range-filter it instead"
C,isoform_conservation_frame_primate_canonical_max_depth,isoform_conservation_frame_primate_canonical_max_depth high,>=,6385,5.0,7.0,7.0,7.0,7.0,1.0,"no in-band cutoff — continuous, range-filter it instead"
C,isoform_conservation_frame_primate_canonical_mean_pident,isoform_conservation_frame_primate_canonical_mean_pident high,>=,6426,0.9046182542876796,0.9550453159774563,0.9765389021260686,0.9901069944882972,0.9981459539123704,0.8,"no in-band cutoff — continuous, range-filter it instead"
C,isoform_conservation_frame_primate_canonical_n_species_aligned,isoform_conservation_frame_primate_canonical_n_species_aligned high,>=,6426,25.0,25.0,25.0,25.0,25.0,1.0,"no in-band cutoff — continuous, range-filter it instead"
C,isoform_conservation_frame_primate_canonical_n_species_intact_frame,isoform_conservation_frame_primate_canonical_n_species_intact_frame high,>=,6426,8.0,18.0,21.0,23.0,25.0,1.0,"no in-band cutoff — continuous, range-filter it instead"
C,isoform_conservation_frame_primate_canonical_start_codon_conserved,isoform_conservation_frame_primate_canonical_start_codon_conserved high,>=,6425,0.88,1.0,1.0,1.0,1.0,1.0,"no in-band cutoff — continuous, range-filter it instead"
C,isoform_conservation_frame_primate_frac_intact,isoform_conservation_frame_primate_frac_intact high,>=,6426,0.36,0.8,0.92,1.0,1.0,1.0,"no in-band cutoff — continuous, range-filter it instead"
C,isoform_conservation_frame_primate_max_depth,isoform_conservation_frame_primate_max_depth high,>=,6376,5.0,7.0,7.0,7.0,7.0,1.0,"no in-band cutoff — continuous, range-filter it instead"
C,isoform_conservation_frame_primate_n_species_aligned,isoform_conservation_frame_primate_n_species_aligned high,>=,6426,23.0,25.0,25.0,25.0,25.0,1.0,"no in-band cutoff — continuous, range-filter it instead"
C,isoform_conservation_frame_primate_n_species_intact_frame,isoform_conservation_frame_primate_n_species_intact_frame high,>=,6426,8.0,20.0,23.0,25.0,25.0,1.0,"no in-band cutoff — continuous, range-filter it instead"
C,isoform_conservation_frame_primate_start_codon_conserved,isoform_conservation_frame_primate_start_codon_conserved high,>=,6422,0.5505000000000002,0.9523809523809523,1.0,1.0,1.0,1.0,"no in-band cutoff — continuous, range-filter it instead"
C,isoform_conservation_frame_summary.canonical_region_nt,isoform_conservation_frame_summary.canonical_region_nt high,>=,6426,381.0,855.0,1362.0,2205.0,5160.0,1.0,"no in-band cutoff — continuous, range-filter it instead"
C,isoform_conservation_frame_summary.unique_region_nt,isoform_conservation_frame_summary.unique_region_nt high,>=,6426,12.0,45.0,123.0,537.0,2787.0,0.875,"no in-band cutoff — continuous, range-filter it instead"
C,isoform_conservation_phastcons_shared_region_mean,isoform_conservation_phastcons_shared_region_mean high,>=,6146,0.43296403554990937,0.7297412695949252,0.8316525275081722,0.8949048251334955,0.9489209616542115,0.625,"no in-band cutoff — continuous, range-filter it instead"
C,isoform_conservation_phylop_enrichment,isoform_conservation_phylop_enrichment high,>=,6109,-0.005125124577466836,0.5562994529496348,0.9409901993481325,1.1269704739793676,1.5590713581195295,0.5,"no in-band cutoff — continuous, range-filter it instead"
C,isoform_conservation_phylop_kozak_mean,isoform_conservation_phylop_kozak_mean high,>=,6461,-0.5242307330839909,1.5613845850412662,3.851769195153163,5.107307615188452,6.2685385667360745,0.315,"no in-band cutoff — continuous, range-filter it instead"
C,isoform_conservation_phylop_shared_region_mean,isoform_conservation_phylop_shared_region_mean high,>=,6145,1.7555149542054895,3.2636303420181494,4.016289832268802,4.645038582825808,5.322792758504756,0.391,"no in-band cutoff — continuous, range-filter it instead"
D,cmp_massspec_n_hits_in_diff_region,cmp_massspec_n_hits_in_diff_region low,<,6462,0.0,0.0,0.0,2.0,9.0,1.0,"no in-band cutoff — continuous, range-filter it instead"
D,expr_HeLa_cpm,expr_HeLa_cpm high,>=,6462,0.5469346500602722,0.5469346500602722,1.4584924001607258,3.463919450381724,16.225727951788077,1.0,"no in-band cutoff — continuous, range-filter it instead"
D,expr_HeLa_initiation_efficiency,expr_HeLa_initiation_efficiency high,>=,6412,0.00425297953981533,0.010599855661539929,0.021148036253776436,0.05,0.2073179723502304,1.0,"no in-band cutoff — continuous, range-filter it instead"
D,expr_HeLa_p_value,expr_HeLa_p_value high,>=,6462,3.435518125333775e-20,1.8392793383525166e-09,1.0779891133585846e-05,0.00111111398221485,0.022771875801502153,0.846,"no in-band cutoff — continuous, range-filter it instead"
D,expr_HeLa_raw_count,expr_HeLa_raw_count high,>=,6462,3.0,3.0,8.0,19.0,89.0,1.0,"no in-band cutoff — continuous, range-filter it instead"
D,fisher_qvalue,fisher_qvalue high,>=,6462,6.907162205632237e-41,1.9340274683905862e-14,5.990911140771987e-07,0.0004981528005327,0.019663786021179352,0.857,"no in-band cutoff — continuous, range-filter it instead"
D,isoform_initiation_context_kozak_hamming_full,isoform_initiation_context_kozak_hamming_full high,>=,6462,5.0,6.0,7.0,9.0,10.0,1.0,"no in-band cutoff — continuous, range-filter it instead"
D,isoform_initiation_context_kozak_hamming_major,isoform_initiation_context_kozak_hamming_major high,>=,6462,1.0,1.0,2.0,2.0,3.0,1.0,"no in-band cutoff — continuous, range-filter it instead"
D,isoform_initiation_context_kozak_hamming_partial,isoform_initiation_context_kozak_hamming_partial high,>=,6462,1.2,1.6,2.5,2.7,3.7,1.0,"no in-band cutoff — continuous, range-filter it instead"
D,isoform_initiation_context_kozak_window_gc_content,isoform_initiation_context_kozak_window_gc_content high,>=,6462,0.3076923076923077,0.38461538461538464,0.5384615384615384,0.6153846153846154,0.7692307692307693,1.0,"no in-band cutoff — continuous, range-filter it instead"
D,isoform_massspec_summary.max_peptide_length,isoform_massspec_summary.max_peptide_length high,>=,5421,8.0,12.0,18.0,24.0,29.0,1.0,"no in-band cutoff — continuous, range-filter it instead"
D,isoform_massspec_summary.min_peptide_length,isoform_massspec_summary.min_peptide_length high,>=,5421,7.0,8.0,10.0,16.0,25.0,1.0,"no in-band cutoff — continuous, range-filter it instead"
D,isoform_massspec_summary.total_peptides,isoform_massspec_summary.total_peptides high,>=,6462,0.0,1.0,2.0,4.0,9.0,1.0,"no in-band cutoff — continuous, range-filter it instead"
D,isoform_massspec_summary.unique_peptides,isoform_massspec_summary.unique_peptides high,>=,6462,0.0,1.0,2.0,4.0,9.0,1.0,"no in-band cutoff — continuous, range-filter it instead"
D,isoform_massspec_summary.validated_peptides,isoform_massspec_summary.validated_peptides low,<,6087,0.0,0.0,0.0,0.0,2.0,1.0,"no in-band cutoff — continuous, range-filter it instead"
D,ribo_pvalue,ribo_pvalue high,>=,6462,7.83171407215386e-38,3.0811320955912273e-14,1.5240425996900824e-07,0.00010802558044439999,0.0035125240547380296,0.727,"no in-band cutoff — continuous, range-filter it instead"
L,abs:cmp_localization_deeploc_prob_cell_membrane_delta,cmp_localization_deeploc_prob_cell_membrane_delta changes appreciably,>=,6462,0.0010000020265579085,0.006699995137751075,0.021600000560283696,0.06339999940246342,0.20758999809622763,0.75,"no in-band cutoff — continuous, range-filter it instead"
L,abs:cmp_localization_deeploc_prob_cytoplasm_delta,cmp_localization_deeploc_prob_cytoplasm_delta changes appreciably,>=,6462,0.0015000104904174805,0.00920000672340393,0.027699999511241885,0.08560001105070116,0.3256900273263454,0.6,"no in-band cutoff — continuous, range-filter it instead"
L,abs:cmp_localization_deeploc_prob_endoplasmic_reticulum_delta,cmp_localization_deeploc_prob_endoplasmic_reticulum_delta changes appreciably,>=,6462,0.0010999999940395008,0.007100004702806494,0.023200005292892442,0.06500000320374964,0.25129000693559644,1.0,"no in-band cutoff — continuous, range-filter it instead"
L,abs:cmp_localization_deeploc_prob_extracellular_delta,cmp_localization_deeploc_prob_extracellular_delta changes appreciably,>=,6462,0.0005999989807606021,0.004200000315904599,0.015100002288818345,0.05277499556541441,0.2632399861700831,0.714,"no in-band cutoff — continuous, range-filter it instead"
L,abs:cmp_localization_deeploc_prob_golgi_apparatus_delta,cmp_localization_deeploc_prob_golgi_apparatus_delta changes appreciably,>=,6462,0.0009999992791563253,0.007500007748603793,0.025899995118379596,0.07719999551773071,0.24799499660730365,0.818,"no in-band cutoff — continuous, range-filter it instead"
L,abs:cmp_localization_deeploc_prob_lysosome_vacuole_delta,cmp_localization_deeploc_prob_lysosome_vacuole_delta changes appreciably,>=,6462,0.000899998471140804,0.006900012493133517,0.023600001819431796,0.07360000768676396,0.24420000538229944,0.6,"no in-band cutoff — continuous, range-filter it instead"
L,abs:cmp_localization_deeploc_prob_mitochondrion_delta,cmp_localization_deeploc_prob_mitochondrion_delta changes appreciably,>=,6462,0.0010999999940395008,0.007324997335672351,0.025200009346008356,0.08499999903142448,0.3638949900865555,0.714,"no in-band cutoff — continuous, range-filter it instead"
L,abs:cmp_localization_deeploc_prob_nucleus_delta,cmp_localization_deeploc_prob_nucleus_delta changes appreciably,>=,6462,0.0013999938964843223,0.008499979972839355,0.026899993419647217,0.08400001376867297,0.3194950267672539,0.769,"no in-band cutoff — continuous, range-filter it instead"
L,abs:cmp_localization_deeploc_prob_peroxisome_delta,cmp_localization_deeploc_prob_peroxisome_delta changes appreciably,>=,6462,9.999997564589998e-05,0.0009999999310822,0.0050999997183681,0.025874999351799474,0.14479499273002153,1.0,"no in-band cutoff — continuous, range-filter it instead"
L,abs:cmp_localization_deeploc_top_prob_delta,cmp_localization_deeploc_top_prob_delta changes appreciably,>=,6462,0.0015000104904174805,0.009024992585182273,0.02830001711845398,0.0825749933719635,0.2759000062942505,0.68,"no in-band cutoff — continuous, range-filter it instead"
L,abs:cmp_signalp_signalp_probability_delta,cmp_signalp_signalp_probability_delta changes appreciably,>=,6462,0.0,0.0,0.0,2.1000000000048757e-05,0.575893,1.0,"no in-band cutoff — continuous, range-filter it instead"
L,abs:cmp_targetp_targetp_mtp_prob_delta,cmp_targetp_targetp_mtp_prob_delta changes appreciably,>=,6462,3e-06,8.3e-05,0.001126,0.01869125,0.4322551999999999,0.846,"no in-band cutoff — continuous, range-filter it instead"
L,abs:cmp_targetp_targetp_probability_delta,cmp_targetp_targetp_probability_delta changes appreciably,>=,6462,9.000000000036756e-06,0.00025325000000003817,0.004054499999999961,0.06877774999999994,0.3861938499999999,0.464,"no in-band cutoff — continuous, range-filter it instead"
L,abs:cmp_targetp_targetp_sp_prob_delta,cmp_targetp_targetp_sp_prob_delta changes appreciably,>=,6462,1.9999999999999995e-06,4.9e-05,0.0005399999999999999,0.019935750000000002,0.8218777499999996,0.943,"no in-band cutoff — continuous, range-filter it instead"
L,isoform_localization_deeploc_prob_cell_membrane,isoform_localization_deeploc_prob_cell_membrane high,>=,6462,0.0333999991416931,0.0842000022530555,0.1542000025510788,0.28022499382495875,0.6470549732446669,0.619,"no in-band cutoff — continuous, range-filter it instead"
L,isoform_localization_deeploc_prob_endoplasmic_reticulum,isoform_localization_deeploc_prob_endoplasmic_reticulum high,>=,6462,0.036309999786317285,0.09222500212490553,0.17025000602006907,0.2970750033855438,0.7018950045108795,0.655,"no in-band cutoff — continuous, range-filter it instead"
L,isoform_localization_deeploc_prob_extracellular,isoform_localization_deeploc_prob_extracellular high,>=,6462,0.0097000002861022,0.0293000005185604,0.0617000013589859,0.1388999968767166,0.43099499493837357,0.667,"no in-band cutoff — continuous, range-filter it instead"
L,isoform_localization_deeploc_prob_golgi_apparatus,isoform_localization_deeploc_prob_golgi_apparatus high,>=,6462,0.0240000002086162,0.0873000025749206,0.1953999996185302,0.3287000060081482,0.61080002784729,0.619,"no in-band cutoff — continuous, range-filter it instead"
L,isoform_localization_deeploc_prob_lysosome_vacuole,isoform_localization_deeploc_prob_lysosome_vacuole high,>=,6462,0.0200999993830919,0.07512499764561648,0.18034999817609784,0.3370499983429908,0.6102750033140182,0.512,"no in-band cutoff — continuous, range-filter it instead"
L,isoform_localization_deeploc_prob_mitochondrion,isoform_localization_deeploc_prob_mitochondrion high,>=,6462,0.038504999876022294,0.08972499892115587,0.16624999791383738,0.2929750084877014,0.619754973053932,0.773,"no in-band cutoff — continuous, range-filter it instead"
L,isoform_localization_deeploc_prob_peroxisome,isoform_localization_deeploc_prob_peroxisome high,>=,6462,0.0007999999797903,0.0046000001020729,0.0157999992370605,0.0502999983727932,0.23229499831795689,1.0,"no in-band cutoff — continuous, range-filter it instead"
L,isoform_signalp_signalp_probability,isoform_signalp_signalp_probability high,>=,6462,0.0,0.0,0.0,0.0,0.008923699999999958,1.0,"no in-band cutoff — continuous, range-filter it instead"
L,isoform_targetp_targetp_mtp_prob,isoform_targetp_targetp_mtp_prob high,>=,6462,1.0500000000000113e-06,3.2e-05,0.000331,0.005916,0.24917844999999952,0.909,"no in-band cutoff — continuous, range-filter it instead"
L,isoform_targetp_targetp_sp_prob,isoform_targetp_targetp_sp_prob high,>=,6462,2e-06,2.7249999999999998e-05,0.000232,0.004354,0.4686021999999995,0.818,"no in-band cutoff — continuous, range-filter it instead"
M,abs:isoform_varianteffect_mean_delta_llr_shared,isoform_varianteffect_mean_delta_llr_shared changes appreciably,>=,6137,1.616913531704679,2.7896324089696467,3.6136043908461084,4.4402023095351,5.579619205672693,0.5,"no in-band cutoff — continuous, range-filter it instead"
M,abs:isoform_varianteffect_mean_delta_llr_shared_disease,isoform_varianteffect_mean_delta_llr_shared_disease changes appreciably,>=,6118,1.8376366307428764,3.1428774960338757,4.094202870668909,5.206213554511521,6.841449986926181,0.647,"no in-band cutoff — continuous, range-filter it instead"
M,abs:isoform_varianteffect_mean_delta_llr_shared_gnomad,isoform_varianteffect_mean_delta_llr_shared_gnomad changes appreciably,>=,6134,1.4965912827831542,2.6004153229085616,3.3873689811260896,4.153665615372199,5.248716552088859,0.762,"no in-band cutoff — continuous, range-filter it instead"
M,abs:isoform_varianteffect_mean_delta_llr_unique,isoform_varianteffect_mean_delta_llr_unique changes appreciably,>=,6368,0.10424952651515153,0.6125872825091575,2.4812198061723887,3.8594267987522235,5.720167894363403,0.497,"no in-band cutoff — continuous, range-filter it instead"
M,abs:isoform_varianteffect_mean_delta_llr_unique_disease,isoform_varianteffect_mean_delta_llr_unique_disease changes appreciably,>=,5861,0.09375,0.93359375,2.8868476828349006,4.47927755768345,6.980884357734963,0.527,"no in-band cutoff — continuous, range-filter it instead"
M,abs:isoform_varianteffect_min_delta_llr_shared,isoform_varianteffect_min_delta_llr_shared changes appreciably,>=,6137,9.812068939208984,12.17529296875,13.312278747558594,14.40625,16.124740600585938,1.0,"no in-band cutoff — continuous, range-filter it instead"
M,abs:isoform_varianteffect_min_delta_llr_shared_disease,isoform_varianteffect_min_delta_llr_shared_disease changes appreciably,>=,6118,8.624240684509278,11.419586181640625,12.62430191040039,13.812486976385117,15.687412810325622,1.0,"no in-band cutoff — continuous, range-filter it instead"
M,abs:isoform_varianteffect_min_delta_llr_shared_gnomad,isoform_varianteffect_min_delta_llr_shared_gnomad changes appreciably,>=,6134,9.586279296875,11.871475219726562,12.937374114990234,14.062086582183838,15.686050415039062,1.0,"no in-band cutoff — continuous, range-filter it instead"
M,abs:isoform_varianteffect_min_delta_llr_unique,isoform_varianteffect_min_delta_llr_unique changes appreciably,>=,6368,1.3125,4.185546875,10.55450439453125,12.90313720703125,15.11126708984375,0.806,"no in-band cutoff — continuous, range-filter it instead"
M,abs:isoform_varianteffect_min_delta_llr_unique_disease,isoform_varianteffect_min_delta_llr_unique_disease changes appreciably,>=,5861,0.125,2.796875,9.691650390625,12.311187744140625,14.56233024597168,0.876,"no in-band cutoff — continuous, range-filter it instead"
M,abs:isoform_varianteffect_min_delta_llr_unique_gnomad,isoform_varianteffect_min_delta_llr_unique_gnomad changes appreciably,>=,6344,1.171875,4.0380859375,10.261474609375,12.622390747070312,14.746963500976562,0.772,"no in-band cutoff — continuous, range-filter it instead"
M,cmp_clinical_hits_in_diff_region__len,cmp_clinical_hits_in_diff_region__len high,>=,6462,7.0,36.0,110.0,457.5,2259.7999999999993,0.857,"no in-band cutoff — continuous, range-filter it instead"
M,cmp_clinical_n_hits_in_diff_region,cmp_clinical_n_hits_in_diff_region high,>=,6462,7.0,36.0,110.0,457.5,2259.7999999999993,0.857,"no in-band cutoff — continuous, range-filter it instead"
M,isoform_clinical_hits__len,isoform_clinical_hits__len high,>=,6462,302.0,657.0,1065.0,1770.75,4373.0,1.0,"no in-band cutoff — continuous, range-filter it instead"
M,isoform_clinical_summary.by_consequence.frameshift_variant,isoform_clinical_summary.by_consequence.frameshift_variant high,>=,6457,7.0,21.0,37.0,65.0,155.0,1.0,"no in-band cutoff — continuous, range-filter it instead"
M,isoform_clinical_summary.by_consequence.inframe_deletion,isoform_clinical_summary.by_consequence.inframe_deletion high,>=,6298,1.0,5.0,9.0,17.0,52.0,1.0,"no in-band cutoff — continuous, range-filter it instead"
M,isoform_clinical_summary.by_consequence.intronic,isoform_clinical_summary.by_consequence.intronic high,>=,6459,936.0,2000.5,3143.0,4797.5,8280.0,1.0,"no in-band cutoff — continuous, range-filter it instead"
M,isoform_clinical_summary.by_consequence.missense_variant,isoform_clinical_summary.by_consequence.missense_variant high,>=,6459,202.0,442.5,723.0,1212.0,2956.0,1.0,"no in-band cutoff — continuous, range-filter it instead"
M,isoform_clinical_summary.by_consequence.stop_gained,isoform_clinical_summary.by_consequence.stop_gained high,>=,6454,6.0,16.0,28.0,48.0,113.0,0.909,"no in-band cutoff — continuous, range-filter it instead"
M,isoform_clinical_summary.by_consequence.synonymous_variant,isoform_clinical_summary.by_consequence.synonymous_variant high,>=,6459,88.0,180.0,294.0,498.0,1180.199999999999,1.0,"no in-band cutoff — continuous, range-filter it instead"
M,isoform_clinical_summary.by_source.COSMIC,isoform_clinical_summary.by_source.COSMIC high,>=,6275,225.0,389.5,582.0,925.0,2183.1999999999753,1.0,"no in-band cutoff — continuous, range-filter it instead"
M,isoform_clinical_summary.by_source.ClinVar,isoform_clinical_summary.by_source.ClinVar high,>=,6417,19.0,51.0,96.0,229.0,1120.0,1.0,"no in-band cutoff — continuous, range-filter it instead"
M,isoform_clinical_summary.by_source.gnomAD,isoform_clinical_summary.by_source.gnomAD high,>=,6459,1232.0,2339.0,3545.0,5462.0,9755.0,1.0,"no in-band cutoff — continuous, range-filter it instead"
M,isoform_clinical_summary.pathogenic_count,isoform_clinical_summary.pathogenic_count high,>=,6462,0.0,0.0,0.0,8.0,133.0,1.0,"no in-band cutoff — continuous, range-filter it instead"
M,isoform_clinical_summary.total_variants,isoform_clinical_summary.total_variants high,>=,6462,1568.1,2878.0,4296.0,6640.0,12573.0,1.0,"no in-band cutoff — continuous, range-filter it instead"
M,isoform_plm_vep_mean_llr_canonical,isoform_plm_vep_mean_llr_canonical high,>=,6462,-1.5925521850585938,-0.9822172075510025,-0.6473439037799835,-0.3458333685994148,-0.06074627861380577,1.0,"no in-band cutoff — continuous, range-filter it instead"
M,isoform_plm_vep_mean_llr_shared_region,isoform_plm_vep_mean_llr_shared_region high,>=,6013,-1.572351603907643,-0.9479195237746967,-0.5852690922453049,-0.2843733899733599,-0.04381219609217213,0.75,"no in-band cutoff — continuous, range-filter it instead"
M,isoform_variant_intersection_hits__len,isoform_variant_intersection_hits__len high,>=,6462,302.0,657.0,1065.0,1770.75,4373.0,1.0,"no in-band cutoff — continuous, range-filter it instead"
M,isoform_variant_intersection_n_disease_in_shared_region,isoform_variant_intersection_n_disease_in_shared_region high,>=,6462,0.0,86.0,179.0,342.0,967.7499999999991,1.0,"no in-band cutoff — continuous, range-filter it instead"
M,isoform_variant_intersection_n_disease_in_unique_region,isoform_variant_intersection_n_disease_in_unique_region high,>=,6462,0.0,3.0,16.0,109.0,675.0,1.0,"no in-band cutoff — continuous, range-filter it instead"
M,isoform_variant_intersection_n_dropped_outside_coding,isoform_variant_intersection_n_dropped_outside_coding high,>=,6462,933.1,2020.25,3179.0,4897.75,8789.149999999998,1.0,"no in-band cutoff — continuous, range-filter it instead"
M,isoform_variant_intersection_n_gnomad_in_shared_region,isoform_variant_intersection_n_gnomad_in_shared_region high,>=,6462,0.0,245.0,487.0,850.0,1854.9499999999998,0.833,"no in-band cutoff — continuous, range-filter it instead"
M,isoform_variant_intersection_n_gnomad_in_unique_region,isoform_variant_intersection_n_gnomad_in_unique_region high,>=,6462,4.0,27.0,82.0,309.75,1487.9499999999998,1.0,"no in-band cutoff — continuous, range-filter it instead"
M,isoform_variant_intersection_n_in_shared_region,isoform_variant_intersection_n_in_shared_region high,>=,6462,0.0,341.0,680.0,1203.0,2776.6499999999987,0.8,"no in-band cutoff — continuous, range-filter it instead"
M,isoform_variant_intersection_n_in_unique_region,isoform_variant_intersection_n_in_unique_region high,>=,6462,5.0,33.0,102.0,428.0,2206.7999999999993,0.833,"no in-band cutoff — continuous, range-filter it instead"
M,isoform_variant_intersection_n_pathogenic_in_shared_region,isoform_variant_intersection_n_pathogenic_in_shared_region high,>=,6462,0.0,0.0,0.0,3.0,63.94999999999982,1.0,"no in-band cutoff — continuous, range-filter it instead"
M,isoform_variant_intersection_n_pathogenic_in_unique_region,isoform_variant_intersection_n_pathogenic_in_unique_region high,>=,6462,0.0,0.0,0.0,0.0,25.949999999999818,1.0,"no in-band cutoff — continuous, range-filter it instead"
M,isoform_variant_intersection_n_total,isoform_variant_intersection_n_total high,>=,6462,302.0,657.0,1065.0,1770.75,4373.0,1.0,"no in-band cutoff — continuous, range-filter it instead"
M,isoform_variant_intersection_shared_region_nt,isoform_variant_intersection_shared_region_nt high,>=,6462,1.0,486.0,936.0,1563.0,3386.8499999999995,0.8,"no in-band cutoff — continuous, range-filter it instead"
M,isoform_variant_intersection_unique_region_nt,isoform_variant_intersection_unique_region_nt high,>=,6462,12.0,45.0,123.0,531.0,2783.8499999999995,0.75,"no in-band cutoff — continuous, range-filter it instead"
M,isoform_varianteffect_hits__len,isoform_varianteffect_hits__len high,>=,6462,302.0,657.0,1065.0,1770.75,4373.0,1.0,"no in-band cutoff — continuous, range-filter it instead"
M,isoform_varianteffect_max_am_pathogenicity_shared,isoform_varianteffect_max_am_pathogenicity_shared high,>=,6038,0.9735,0.9963,0.9993,0.9999,1.0,1.0,"no in-band cutoff — continuous, range-filter it instead"
M,isoform_varianteffect_mean_am_pathogenicity_shared,isoform_varianteffect_mean_am_pathogenicity_shared high,>=,6038,0.21412337018768818,0.31037609705930574,0.3961356670039632,0.482082191588785,0.6348197164720453,0.45,"no in-band cutoff — continuous, range-filter it instead"
M,isoform_varianteffect_mean_am_pathogenicity_shared_disease,isoform_varianteffect_mean_am_pathogenicity_shared_disease high,>=,6021,0.20832727272727272,0.31223082706766914,0.4107549848942598,0.5194709677419355,0.6952349650349651,0.571,"no in-band cutoff — continuous, range-filter it instead"
M,isoform_varianteffect_mean_am_pathogenicity_shared_gnomad,isoform_varianteffect_mean_am_pathogenicity_shared_gnomad high,>=,6033,0.21120965190921057,0.3029817351598173,0.38423670411985017,0.46215601092896175,0.6022567110997177,0.267,"no in-band cutoff — continuous, range-filter it instead"
M,isoform_varianteffect_n_am_pathogenic_in_shared,isoform_varianteffect_n_am_pathogenic_in_shared high,>=,6462,0.0,63.0,127.0,223.0,503.89999999999964,1.0,"no in-band cutoff — continuous, range-filter it instead"
M,isoform_varianteffect_n_am_pathogenic_in_shared_disease,isoform_varianteffect_n_am_pathogenic_in_shared_disease high,>=,6462,0.0,17.0,39.0,75.0,200.89999999999964,1.0,"no in-band cutoff — continuous, range-filter it instead"
M,isoform_varianteffect_n_am_pathogenic_in_shared_gnomad,isoform_varianteffect_n_am_pathogenic_in_shared_gnomad high,>=,6462,0.0,40.0,85.0,144.0,309.0,0.917,"no in-band cutoff — continuous, range-filter it instead"
M,isoform_varianteffect_n_am_pathogenic_in_unique,isoform_varianteffect_n_am_pathogenic_in_unique high,>=,6462,0.0,0.0,4.0,65.0,367.0,0.8,"no in-band cutoff — continuous, range-filter it instead"
M,isoform_varianteffect_n_am_pathogenic_in_unique_disease,isoform_varianteffect_n_am_pathogenic_in_unique_disease high,>=,6462,0.0,0.0,1.0,20.0,131.94999999999982,1.0,"no in-band cutoff — continuous, range-filter it instead"
M,isoform_varianteffect_n_am_pathogenic_in_unique_gnomad,isoform_varianteffect_n_am_pathogenic_in_unique_gnomad high,>=,6462,0.0,0.0,2.0,44.0,232.0,0.75,"no in-band cutoff — continuous, range-filter it instead"
M,isoform_varianteffect_n_damaging_in_shared,isoform_varianteffect_n_damaging_in_shared high,>=,6462,0.0,107.0,203.0,337.0,726.0,0.857,"no in-band cutoff — continuous, range-filter it instead"
M,isoform_varianteffect_n_damaging_in_shared_disease,isoform_varianteffect_n_damaging_in_shared_disease high,>=,6462,0.0,29.0,62.0,112.0,295.0,1.0,"no in-band cutoff — continuous, range-filter it instead"
M,isoform_varianteffect_n_damaging_in_shared_gnomad,isoform_varianteffect_n_damaging_in_shared_gnomad high,>=,6462,0.0,69.0,135.0,224.0,441.0,0.857,"no in-band cutoff — continuous, range-filter it instead"
M,isoform_varianteffect_n_damaging_in_unique,isoform_varianteffect_n_damaging_in_unique high,>=,6462,0.0,4.0,17.0,113.0,532.0,0.875,"no in-band cutoff — continuous, range-filter it instead"
M,isoform_varianteffect_n_damaging_in_unique_disease,isoform_varianteffect_n_damaging_in_unique_disease high,>=,6462,0.0,0.0,3.0,33.0,198.94999999999982,1.0,"no in-band cutoff — continuous, range-filter it instead"
M,isoform_varianteffect_n_damaging_in_unique_gnomad,isoform_varianteffect_n_damaging_in_unique_gnomad high,>=,6462,0.0,3.0,13.0,76.0,338.0,0.833,"no in-band cutoff — continuous, range-filter it instead"
M,isoform_varianteffect_n_lof_in_shared,isoform_varianteffect_n_lof_in_shared high,>=,6462,0.0,18.0,39.0,74.0,178.0,1.0,"no in-band cutoff — continuous, range-filter it instead"
M,isoform_varianteffect_n_lof_in_shared_disease,isoform_varianteffect_n_lof_in_shared_disease high,>=,6462,0.0,5.0,11.0,23.0,81.0,1.0,"no in-band cutoff — continuous, range-filter it instead"
M,isoform_varianteffect_n_lof_in_shared_gnomad,isoform_varianteffect_n_lof_in_shared_gnomad high,>=,6462,0.0,10.0,25.0,49.0,108.0,0.833,"no in-band cutoff — continuous, range-filter it instead"
M,isoform_varianteffect_n_lof_in_unique,isoform_varianteffect_n_lof_in_unique high,>=,6462,0.0,2.0,6.0,25.0,122.84999999999945,1.0,"no in-band cutoff — continuous, range-filter it instead"
M,isoform_varianteffect_n_lof_in_unique_disease,isoform_varianteffect_n_lof_in_unique_disease high,>=,6462,0.0,0.0,1.0,7.0,51.94999999999982,1.0,"no in-band cutoff — continuous, range-filter it instead"
M,isoform_varianteffect_n_lof_in_unique_gnomad,isoform_varianteffect_n_lof_in_unique_gnomad high,>=,6462,0.0,1.0,5.0,16.0,71.0,1.0,"no in-band cutoff — continuous, range-filter it instead"
M,isoform_varianteffect_n_scorable_in_shared,isoform_varianteffect_n_scorable_in_shared high,>=,6462,0.0,337.0,670.0,1185.0,2709.0,0.8,"no in-band cutoff — continuous, range-filter it instead"
M,isoform_varianteffect_n_scorable_in_shared_disease,isoform_varianteffect_n_scorable_in_shared_disease high,>=,6462,0.0,85.0,177.0,337.0,952.9499999999998,1.0,"no in-band cutoff — continuous, range-filter it instead"
M,isoform_varianteffect_n_scorable_in_shared_gnomad,isoform_varianteffect_n_scorable_in_shared_gnomad high,>=,6462,0.0,241.0,479.0,836.0,1831.0,1.0,"no in-band cutoff — continuous, range-filter it instead"
M,isoform_varianteffect_n_scorable_in_unique,isoform_varianteffect_n_scorable_in_unique high,>=,6462,5.0,32.0,100.0,421.0,2183.8499999999995,0.882,"no in-band cutoff — continuous, range-filter it instead"
M,isoform_varianteffect_n_scorable_in_unique_disease,isoform_varianteffect_n_scorable_in_unique_disease high,>=,6462,0.0,3.0,16.0,108.0,667.0,1.0,"no in-band cutoff — continuous, range-filter it instead"
M,isoform_varianteffect_n_scorable_in_unique_gnomad,isoform_varianteffect_n_scorable_in_unique_gnomad high,>=,6462,3.0,26.0,80.0,304.0,1471.8499999999995,0.75,"no in-band cutoff — continuous, range-filter it instead"
M,isoform_varianteffect_n_scored_am,isoform_varianteffect_n_scored_am high,>=,6462,149.0,388.0,667.5,1122.0,2743.0,1.0,"no in-band cutoff — continuous, range-filter it instead"
M,isoform_varianteffect_n_scored_plm,isoform_varianteffect_n_scored_plm high,>=,6462,279.05,603.0,981.0,1627.0,4047.0,1.0,"no in-band cutoff — continuous, range-filter it instead"
P,isoform_structure_pae_diff_vs_diff,isoform_structure_pae_diff_vs_diff high,>=,5559,0.8667138481315285,3.299417350726741,7.99602367259838,15.920999883296021,25.09817939598037,0.441,"no in-band cutoff — continuous, range-filter it instead"
P,isoform_structure_plddt_canonical_mean,isoform_structure_plddt_canonical_mean high,>=,5536,0.6450872076894196,0.8175120935857119,0.871327190058572,0.9110118252916821,0.9561925480210832,0.846,"no in-band cutoff — continuous, range-filter it instead"
P,isoform_structure_plddt_diffregion_std,isoform_structure_plddt_diffregion_std high,>=,5559,0.01847829985205773,0.037350206526753346,0.06390636739667416,0.10020586790281652,0.14553522819546863,0.529,"no in-band cutoff — continuous, range-filter it instead"
P,isoform_structure_rmsd_global,isoform_structure_rmsd_global high,>=,5511,0.5304485269161896,1.592916127405687,2.6608772515140737,3.9889804810790186,6.214247628833174,0.5,"no in-band cutoff — continuous, range-filter it instead"
S,abs:cmp_biophysics_aa_diversity_delta,cmp_biophysics_aa_diversity_delta changes appreciably,>=,6462,0.0,1.0,1.0,3.0,5.0,1.0,"no in-band cutoff — continuous, range-filter it instead"
S,abs:cmp_biophysics_aromaticity_delta,cmp_biophysics_aromaticity_delta changes appreciably,>=,6462,0.0002999999999999947,0.0016000000000000042,0.004799999999999999,0.013400000000000009,0.05217999999999992,0.684,"no in-band cutoff — continuous, range-filter it instead"
S,abs:cmp_biophysics_disorder_delta,cmp_biophysics_disorder_delta changes appreciably,>=,6462,0.0005000000000000004,0.002799999999999997,0.00849999999999998,0.0254,0.09330000000000001,0.778,"no in-band cutoff — continuous, range-filter it instead"
S,abs:cmp_biophysics_fraction_charged_delta,cmp_biophysics_fraction_charged_delta changes appreciably,>=,6462,0.0005000000000000004,0.002899999999999958,0.008599999999999997,0.02400000000000002,0.09069499999999996,0.6,"no in-band cutoff — continuous, range-filter it instead"
S,abs:cmp_biophysics_fraction_disorder_promoting_delta,cmp_biophysics_fraction_disorder_promoting_delta changes appreciably,>=,6462,0.0005999999999999339,0.0036999999999999256,0.01100000000000001,0.030899999999999928,0.10909499999999996,0.75,"no in-band cutoff — continuous, range-filter it instead"
S,abs:cmp_biophysics_fraction_lcr_delta,cmp_biophysics_fraction_lcr_delta changes appreciably,>=,6462,0.0,0.0012000000000000344,0.013950000000000002,0.04880000000000001,0.15728999999999996,0.75,"no in-band cutoff — continuous, range-filter it instead"
S,abs:cmp_biophysics_gravy_delta,cmp_biophysics_gravy_delta changes appreciably,>=,6462,0.003105000000000045,0.018399999999999972,0.05495,0.15000000000000002,0.570075,1.0,"no in-band cutoff — continuous, range-filter it instead"
S,abs:cmp_biophysics_instability_index_delta,cmp_biophysics_instability_index_delta changes appreciably,>=,6453,0.1293999999999983,0.8286000000000016,2.4927999999999955,6.696100000000001,21.11748,1.0,"no in-band cutoff — continuous, range-filter it instead"
S,abs:cmp_biophysics_length_delta,cmp_biophysics_length_delta changes appreciably,>=,6462,4.0,19.0,66.0,285.0,1082.0,0.7,"no in-band cutoff — continuous, range-filter it instead"
S,abs:cmp_biophysics_llps_score_delta,cmp_biophysics_llps_score_delta changes appreciably,>=,6462,0.00020000000000000573,0.0015999999999999903,0.005099999999999993,0.014875,0.05189499999999998,0.857,"no in-band cutoff — continuous, range-filter it instead"
S,abs:cmp_biophysics_mean_window_entropy_delta,cmp_biophysics_mean_window_entropy_delta changes appreciably,>=,6462,0.000700000000000145,0.005600000000000271,0.020300000000000207,0.0627749999999998,0.2361849999999997,1.0,"no in-band cutoff — continuous, range-filter it instead"
S,abs:cmp_biophysics_normalized_complexity_delta,cmp_biophysics_normalized_complexity_delta changes appreciably,>=,6462,0.00019999999999997797,0.0010999999999999899,0.0039000000000000146,0.0131,0.09799499999999996,0.7,"no in-band cutoff — continuous, range-filter it instead"
S,abs:cmp_biophysics_pI_delta,cmp_biophysics_pI_delta changes appreciably,>=,6462,0.0,0.12310000000000088,0.4067499999999997,1.1963000000000008,3.738519999999997,0.643,"no in-band cutoff — continuous, range-filter it instead"
S,abs:cmp_biophysics_pipi_propensity_delta,cmp_biophysics_pipi_propensity_delta changes appreciably,>=,6462,0.00040000000000001146,0.002599999999999991,0.007500000000000007,0.0204,0.07500000000000001,0.833,"no in-band cutoff — continuous, range-filter it instead"
S,abs:cmp_biophysics_prionlike_fraction_delta,cmp_biophysics_prionlike_fraction_delta changes appreciably,>=,6462,0.00040000000000001146,0.002599999999999991,0.00739999999999999,0.0204,0.07568999999999995,0.5,"no in-band cutoff — continuous, range-filter it instead"
S,abs:cmp_biophysics_rg_fg_density_delta,cmp_biophysics_rg_fg_density_delta changes appreciably,>=,6462,0.0,0.012199999999999989,0.08834999999999996,0.28675000000000006,0.9173449999999997,0.875,"no in-band cutoff — continuous, range-filter it instead"
S,abs:cmp_biophysics_shannon_entropy_delta,cmp_biophysics_shannon_entropy_delta changes appreciably,>=,6462,0.0007999999999999119,0.0049000000000001265,0.01695000000000002,0.05679999999999985,0.5025800000000005,0.778,"no in-band cutoff — continuous, range-filter it instead"
S,abs:isoform_sae_top_lost_delta_max,isoform_sae_top_lost_delta_max changes appreciably,>=,6462,0.702245,2.26635,7.31155,11.932625,18.370855,0.6,"no in-band cutoff — continuous, range-filter it instead"
S,cmp_biophysics_aa_diversity_shared,cmp_biophysics_aa_diversity_shared high,>=,5892,9.0,11.0,12.0,13.0,14.0,1.0,"no in-band cutoff — continuous, range-filter it instead"
S,cmp_biophysics_aa_diversity_unique,cmp_biophysics_aa_diversity_unique high,>=,5892,4.0,8.0,10.0,12.0,13.0,1.0,"no in-band cutoff — continuous, range-filter it instead"
S,cmp_biophysics_aromaticity_shared,cmp_biophysics_aromaticity_shared high,>=,5892,0.0294,0.0564,0.0752,0.0957,0.1322,0.284,"no in-band cutoff — continuous, range-filter it instead"
S,cmp_biophysics_disorder_shared,cmp_biophysics_disorder_shared high,>=,5892,0.004155000000000002,0.0735,0.1084,0.153325,0.22943499999999994,0.421,"no in-band cutoff — continuous, range-filter it instead"
S,cmp_biophysics_disorder_unique,cmp_biophysics_disorder_unique high,>=,5892,-0.0693,0.0614,0.11624999999999999,0.18505,0.29453499999999994,0.5,"no in-band cutoff — continuous, range-filter it instead"
S,cmp_biophysics_fraction_charged_shared,cmp_biophysics_fraction_charged_shared high,>=,5892,0.16972,0.2353,0.2716,0.3077,0.3863249999999999,0.368,"no in-band cutoff — continuous, range-filter it instead"
S,cmp_biophysics_fraction_charged_unique,cmp_biophysics_fraction_charged_unique high,>=,5892,0.06409500000000001,0.19365000000000002,0.25,0.3077,0.4173749999999997,1.0,"no in-band cutoff — continuous, range-filter it instead"
S,cmp_biophysics_fraction_disorder_promoting_shared,cmp_biophysics_fraction_disorder_promoting_shared high,>=,5892,0.4479,0.5133,0.5528,0.6042,0.6879799999999999,0.5,"no in-band cutoff — continuous, range-filter it instead"
S,cmp_biophysics_fraction_disorder_promoting_unique,cmp_biophysics_fraction_disorder_promoting_unique high,>=,5892,0.3846,0.5143,0.5834,0.6667,0.80918,0.919,"no in-band cutoff — continuous, range-filter it instead"
S,cmp_biophysics_fraction_lcr_unique,cmp_biophysics_fraction_lcr_unique high,>=,5892,0.0,0.0,0.0,0.117,0.5714,0.882,"no in-band cutoff — continuous, range-filter it instead"
S,cmp_biophysics_gravy_shared,cmp_biophysics_gravy_shared high,>=,5892,-1.113975,-0.674,-0.42525,-0.190725,0.2768,0.435,"no in-band cutoff — continuous, range-filter it instead"
S,cmp_biophysics_gravy_unique,cmp_biophysics_gravy_unique high,>=,5892,-1.361225,-0.7143,-0.36385,0.043524999999999994,1.0429,0.667,"no in-band cutoff — continuous, range-filter it instead"
S,cmp_biophysics_instability_index_shared,cmp_biophysics_instability_index_shared high,>=,5887,28.66854,39.66565,47.2749,55.84385,71.2025,0.32,"no in-band cutoff — continuous, range-filter it instead"
S,cmp_biophysics_instability_index_unique,cmp_biophysics_instability_index_unique high,>=,5887,7.5,35.859750000000005,49.605,66.43355,112.21274,0.786,"no in-band cutoff — continuous, range-filter it instead"
S,cmp_biophysics_length_shared,cmp_biophysics_length_shared high,>=,5892,83.0,194.0,339.0,556.0,1185.4499999999998,0.889,"no in-band cutoff — continuous, range-filter it instead"
S,cmp_biophysics_length_unique,cmp_biophysics_length_unique high,>=,5892,5.0,16.0,46.0,201.0,966.8999999999996,1.0,"no in-band cutoff — continuous, range-filter it instead"
S,cmp_biophysics_llps_score_shared,cmp_biophysics_llps_score_shared high,>=,5892,0.1186,0.1397,0.1557,0.1753,0.223245,0.667,"no in-band cutoff — continuous, range-filter it instead"
S,cmp_biophysics_llps_score_unique,cmp_biophysics_llps_score_unique high,>=,5892,0.046275000000000004,0.1214,0.15284999999999999,0.186725,0.27434499999999995,0.25,"no in-band cutoff — continuous, range-filter it instead"
S,cmp_biophysics_mean_window_entropy_shared,cmp_biophysics_mean_window_entropy_shared high,>=,5892,3.034475,3.2429,3.331,3.397,3.47598,0.889,"no in-band cutoff — continuous, range-filter it instead"
S,cmp_biophysics_mean_window_entropy_unique,cmp_biophysics_mean_window_entropy_unique high,>=,5892,2.0,2.8917,3.1952,3.3486,3.4801900000000003,1.0,"no in-band cutoff — continuous, range-filter it instead"
S,cmp_biophysics_normalized_complexity_shared,cmp_biophysics_normalized_complexity_shared high,>=,5892,0.8768,0.9265,0.946,0.9582,0.9701,1.0,"no in-band cutoff — continuous, range-filter it instead"
S,cmp_biophysics_normalized_complexity_unique,cmp_biophysics_normalized_complexity_unique high,>=,5892,0.6836,0.7966,0.8826,0.9398,0.9786199999999997,1.0,"no in-band cutoff — continuous, range-filter it instead"
S,cmp_biophysics_pipi_propensity_shared,cmp_biophysics_pipi_propensity_shared high,>=,5892,0.172255,0.2178,0.2416,0.2664,0.30627999999999994,0.538,"no in-band cutoff — continuous, range-filter it instead"
S,cmp_biophysics_pipi_propensity_unique,cmp_biophysics_pipi_propensity_unique high,>=,5892,0.0,0.1613,0.2214,0.2593,0.3478,1.0,"no in-band cutoff — continuous, range-filter it instead"
S,cmp_biophysics_prionlike_fraction_shared,cmp_biophysics_prionlike_fraction_shared high,>=,5892,0.191,0.226875,0.2495,0.274225,0.32114499999999996,0.727,"no in-band cutoff — continuous, range-filter it instead"
S,cmp_biophysics_prionlike_fraction_unique,cmp_biophysics_prionlike_fraction_unique high,>=,5892,0.0,0.1923,0.2407,0.284425,0.38298499999999974,1.0,"no in-band cutoff — continuous, range-filter it instead"
S,cmp_biophysics_rg_fg_density_unique,cmp_biophysics_rg_fg_density_unique high,>=,5892,0.0,0.0,0.0,0.706875,3.939059999999993,1.0,"no in-band cutoff — continuous, range-filter it instead"
S,cmp_biophysics_shannon_entropy_shared,cmp_biophysics_shannon_entropy_shared high,>=,5892,3.78804,4.0042,4.0884,4.1413,4.1927,1.0,"no in-band cutoff — continuous, range-filter it instead"
S,cmp_biophysics_shannon_entropy_unique,cmp_biophysics_shannon_entropy_unique high,>=,5892,2.0,3.0464,3.63165,4.02145,4.159445,1.0,"no in-band cutoff — continuous, range-filter it instead"
S,cmp_interproscan_hits_in_diff_region__len,cmp_interproscan_hits_in_diff_region__len high,>=,6462,0.0,1.0,3.0,9.0,30.0,1.0,"no in-band cutoff — continuous, range-filter it instead"
S,cmp_interproscan_n_hits_in_diff_region,cmp_interproscan_n_hits_in_diff_region high,>=,6462,0.0,1.0,3.0,9.0,30.0,1.0,"no in-band cutoff — continuous, range-filter it instead"
S,cmp_motifs_n_hits_in_diff_region,cmp_motifs_n_hits_in_diff_region low,<,6462,0.0,0.0,1.0,3.0,19.0,1.0,"no in-band cutoff — continuous, range-filter it instead"
S,diff_biophysics_aa_diversity,diff_biophysics_aa_diversity high,>=,6344,5.0,9.0,10.0,12.0,13.0,1.0,"no in-band cutoff — continuous, range-filter it instead"
S,diff_biophysics_aromaticity,diff_biophysics_aromaticity high,>=,6344,0.0,0.0,0.0568,0.0864,0.14374999999999946,1.0,"no in-band cutoff — continuous, range-filter it instead"
S,diff_biophysics_disorder,diff_biophysics_disorder high,>=,6344,-0.07,0.0601,0.11505,0.1844,0.29138499999999995,0.429,"no in-band cutoff — continuous, range-filter it instead"
S,diff_biophysics_fraction_charged,diff_biophysics_fraction_charged high,>=,6344,0.0625,0.1905,0.25,0.3068,0.4148649999999995,1.0,"no in-band cutoff — continuous, range-filter it instead"
S,diff_biophysics_fraction_disorder_promoting,diff_biophysics_fraction_disorder_promoting high,>=,6344,0.3846,0.5129,0.5833,0.6667,0.8094849999999999,0.895,"no in-band cutoff — continuous, range-filter it instead"
S,diff_biophysics_fraction_lcr,diff_biophysics_fraction_lcr high,>=,6344,0.0,0.0,0.0,0.118075,0.5862,0.846,"no in-band cutoff — continuous, range-filter it instead"
S,diff_biophysics_gravy,diff_biophysics_gravy high,>=,6344,-1.34284,-0.704725,-0.355,0.05865,1.045704999999998,0.462,"no in-band cutoff — continuous, range-filter it instead"
S,diff_biophysics_instability_index,diff_biophysics_instability_index high,>=,6344,7.5,35.951075,49.69885,66.591575,110.71590499999998,0.692,"no in-band cutoff — continuous, range-filter it instead"
S,diff_biophysics_length,diff_biophysics_length high,>=,6344,5.0,16.0,44.0,187.25,938.9499999999962,0.75,"no in-band cutoff — continuous, range-filter it instead"
S,diff_biophysics_llps_score,diff_biophysics_llps_score high,>=,6344,0.048815000000000004,0.1212,0.1526,0.187,0.2754,0.318,"no in-band cutoff — continuous, range-filter it instead"
S,diff_biophysics_longest_homopolymer,diff_biophysics_longest_homopolymer high,>=,6344,1.0,2.0,2.0,3.0,6.0,1.0,"no in-band cutoff — continuous, range-filter it instead"
S,diff_biophysics_mean_window_entropy,diff_biophysics_mean_window_entropy high,>=,6344,2.0,2.8963,3.1924,3.347975,3.48147,1.0,"no in-band cutoff — continuous, range-filter it instead"
S,diff_biophysics_normalized_complexity,diff_biophysics_normalized_complexity high,>=,6344,0.6811200000000001,0.7964,0.87845,0.9385,0.9748,1.0,"no in-band cutoff — continuous, range-filter it instead"
S,diff_biophysics_pipi_propensity,diff_biophysics_pipi_propensity high,>=,6344,0.0,0.161,0.22085,0.2598,0.3488,1.0,"no in-band cutoff — continuous, range-filter it instead"
S,diff_biophysics_prionlike_fraction,diff_biophysics_prionlike_fraction high,>=,6344,0.0,0.1905,0.24,0.2855,0.3831649999999995,1.0,"no in-band cutoff — continuous, range-filter it instead"
S,diff_biophysics_rg_fg_density,diff_biophysics_rg_fg_density high,>=,6344,0.0,0.0,0.0,0.70285,4.0,1.0,"no in-band cutoff — continuous, range-filter it instead"
S,diff_biophysics_shannon_entropy,diff_biophysics_shannon_entropy high,>=,6344,2.0102250000000015,3.0524250000000004,3.61615,4.0153,4.158085,1.0,"no in-band cutoff — continuous, range-filter it instead"
S,isoform_biophysics_aa_diversity,isoform_biophysics_aa_diversity high,>=,6462,8.0,10.0,12.0,13.0,14.0,1.0,"no in-band cutoff — continuous, range-filter it instead"
S,isoform_biophysics_aromaticity,isoform_biophysics_aromaticity high,>=,6462,0.0238,0.0546,0.0744,0.095,0.1333,0.994,"no in-band cutoff — continuous, range-filter it instead"
S,isoform_biophysics_disorder,isoform_biophysics_disorder high,>=,6462,-0.000994999999999999,0.0729,0.1093,0.1549,0.23147999999999994,0.474,"no in-band cutoff — continuous, range-filter it instead"
S,isoform_biophysics_fraction_charged,isoform_biophysics_fraction_charged high,>=,6462,0.1571,0.2308,0.2687,0.30467500000000003,0.3833,0.3,"no in-band cutoff — continuous, range-filter it instead"
S,isoform_biophysics_fraction_disorder_promoting,isoform_biophysics_fraction_disorder_promoting high,>=,6462,0.443505,0.5142,0.55495,0.6078,0.701,0.321,"no in-band cutoff — continuous, range-filter it instead"
S,isoform_biophysics_fraction_lcr,isoform_biophysics_fraction_lcr high,>=,6462,0.0,0.0,0.055,0.125,0.3239749999999999,0.738,"no in-band cutoff — continuous, range-filter it instead"
S,isoform_biophysics_gravy,isoform_biophysics_gravy high,>=,6462,-1.1125,-0.6623749999999999,-0.41855,-0.16875,0.3561749999999999,0.6,"no in-band cutoff — continuous, range-filter it instead"
S,isoform_biophysics_instability_index,isoform_biophysics_instability_index high,>=,6462,28.314315,39.934,47.7107,56.59635,74.117195,0.6,"no in-band cutoff — continuous, range-filter it instead"
S,isoform_biophysics_length,isoform_biophysics_length high,>=,6462,42.0,171.0,321.0,535.0,1158.0,0.833,"no in-band cutoff — continuous, range-filter it instead"
S,isoform_biophysics_llps_score,isoform_biophysics_llps_score high,>=,6462,0.1151,0.1392,0.1558,0.1763,0.226795,0.583,"no in-band cutoff — continuous, range-filter it instead"
S,isoform_biophysics_longest_homopolymer,isoform_biophysics_longest_homopolymer high,>=,6462,2.0,3.0,3.0,4.0,7.0,1.0,"no in-band cutoff — continuous, range-filter it instead"
S,isoform_biophysics_mean_window_entropy,isoform_biophysics_mean_window_entropy high,>=,6462,2.974345,3.22855,3.3239,3.3933,3.4762,1.0,"no in-band cutoff — continuous, range-filter it instead"
S,isoform_biophysics_normalized_complexity,isoform_biophysics_normalized_complexity high,>=,6462,0.8333200000000001,0.9215249999999999,0.94435,0.9577,0.9699,0.692,"no in-band cutoff — continuous, range-filter it instead"
S,isoform_biophysics_pI,isoform_biophysics_pI low,<,6462,4.2554,5.289300000000001,6.6206,8.7534,10.544059999999998,0.56,"no in-band cutoff — continuous, range-filter it instead"
S,isoform_biophysics_pipi_propensity,isoform_biophysics_pipi_propensity high,>=,6462,0.160125,0.2157,0.2404,0.266,0.308395,0.739,"no in-band cutoff — continuous, range-filter it instead"
S,isoform_biophysics_prionlike_fraction,isoform_biophysics_prionlike_fraction high,>=,6462,0.1818,0.2252,0.24875,0.274075,0.32559,0.833,"no in-band cutoff — continuous, range-filter it instead"
S,isoform_biophysics_rg_fg_density,isoform_biophysics_rg_fg_density high,>=,6462,0.0,0.0,0.4367,0.7905,1.7237749999999987,1.0,"no in-band cutoff — continuous, range-filter it instead"
S,isoform_biophysics_shannon_entropy,isoform_biophysics_shannon_entropy high,>=,6462,3.53522,3.9799,4.0809,4.1386,4.191295,0.818,"no in-band cutoff — continuous, range-filter it instead"
S,isoform_interproscan_hits__len,isoform_interproscan_hits__len high,>=,6462,1.0,5.0,10.0,19.0,44.0,0.923,"no in-band cutoff — continuous, range-filter it instead"
S,isoform_interproscan_summary.n_databases,isoform_interproscan_summary.n_databases high,>=,6462,1.0,3.0,7.0,9.0,11.0,1.0,"no in-band cutoff — continuous, range-filter it instead"
S,isoform_interproscan_summary.n_hits,isoform_interproscan_summary.n_hits high,>=,6462,1.0,5.0,10.0,19.0,44.0,0.923,"no in-band cutoff — continuous, range-filter it instead"
S,isoform_interproscan_summary.n_interpro,isoform_interproscan_summary.n_interpro high,>=,6462,0.0,2.0,3.0,5.0,9.0,1.0,"no in-band cutoff — continuous, range-filter it instead"
S,isoform_motifs_summary.APIM,isoform_motifs_summary.APIM high,>=,6462,0.0,0.0,0.0,0.0,0.0,1.0,"no in-band cutoff — continuous, range-filter it instead"
S,isoform_motifs_summary.APIM_density_per100aa,isoform_motifs_summary.APIM_density_per100aa high,>=,6462,0.0,0.0,0.0,0.0,0.0,1.0,"no in-band cutoff — continuous, range-filter it instead"
S,isoform_motifs_summary.ATM_Sites_SQ_TQ,isoform_motifs_summary.ATM_Sites_SQ_TQ high,>=,6462,0.0,0.0,1.0,3.0,9.0,1.0,"no in-band cutoff — continuous, range-filter it instead"
S,isoform_motifs_summary.CDK_Sites_SP_TP,isoform_motifs_summary.CDK_Sites_SP_TP high,>=,6462,0.0,1.0,2.0,5.0,15.0,1.0,"no in-band cutoff — continuous, range-filter it instead"
S,isoform_motifs_summary.EB1_SxIP,isoform_motifs_summary.EB1_SxIP low,<,6462,0.0,0.0,0.0,1.0,2.0,1.0,"no in-band cutoff — continuous, range-filter it instead"
S,isoform_motifs_summary.Heme_CP_HRM,isoform_motifs_summary.Heme_CP_HRM high,>=,6462,0.0,0.0,0.0,0.0,0.0,1.0,"no in-band cutoff — continuous, range-filter it instead"
S,isoform_motifs_summary.Heme_CP_HRM_density_per100aa,isoform_motifs_summary.Heme_CP_HRM_density_per100aa high,>=,6462,0.0,0.0,0.0,0.0,0.0,1.0,"no in-band cutoff — continuous, range-filter it instead"
S,isoform_motifs_summary.Heme_CXXCH,isoform_motifs_summary.Heme_CXXCH high,>=,6462,0.0,0.0,0.0,0.0,0.0,1.0,"no in-band cutoff — continuous, range-filter it instead"
S,isoform_motifs_summary.Heme_CXXCH_density_per100aa,isoform_motifs_summary.Heme_CXXCH_density_per100aa high,>=,6462,0.0,0.0,0.0,0.0,0.0,1.0,"no in-band cutoff — continuous, range-filter it instead"
S,isoform_motifs_summary.Mode1_1433,isoform_motifs_summary.Mode1_1433 high,>=,6462,0.0,0.0,0.0,0.0,0.0,1.0,"no in-band cutoff — continuous, range-filter it instead"
S,isoform_motifs_summary.Mode1_1433_density_per100aa,isoform_motifs_summary.Mode1_1433_density_per100aa high,>=,6462,0.0,0.0,0.0,0.0,0.0,1.0,"no in-band cutoff — continuous, range-filter it instead"
S,isoform_motifs_summary.Mode2_1433,isoform_motifs_summary.Mode2_1433 low,<,6462,0.0,0.0,0.0,1.0,2.0,1.0,"no in-band cutoff — continuous, range-filter it instead"
S,isoform_motifs_summary.Mode2_1433_density_per100aa,isoform_motifs_summary.Mode2_1433_density_per100aa low,<,6462,0.0,0.0,0.0,0.19305,0.5616749999999995,0.992,"no in-band cutoff — continuous, range-filter it instead"
S,isoform_motifs_summary.PIP_box,isoform_motifs_summary.PIP_box high,>=,6462,0.0,0.0,0.0,0.0,0.0,1.0,"no in-band cutoff — continuous, range-filter it instead"
S,isoform_motifs_summary.PIP_box_density_per100aa,isoform_motifs_summary.PIP_box_density_per100aa high,>=,6462,0.0,0.0,0.0,0.0,0.0,1.0,"no in-band cutoff — continuous, range-filter it instead"
S,isoform_motifs_summary.RGG_Sites,isoform_motifs_summary.RGG_Sites high,>=,6462,0.0,0.0,0.0,0.0,1.0,1.0,"no in-band cutoff — continuous, range-filter it instead"
S,isoform_motifs_summary.RGG_Sites_density_per100aa,isoform_motifs_summary.RGG_Sites_density_per100aa high,>=,6462,0.0,0.0,0.0,0.0,0.19718499999999994,1.0,"no in-band cutoff — continuous, range-filter it instead"
S,isoform_motifs_summary.RGG_clusters,isoform_motifs_summary.RGG_clusters high,>=,6462,0.0,0.0,0.0,0.0,0.0,1.0,"no in-band cutoff — continuous, range-filter it instead"
S,isoform_motifs_summary.RING_finger,isoform_motifs_summary.RING_finger high,>=,6462,0.0,0.0,0.0,0.0,0.0,1.0,"no in-band cutoff — continuous, range-filter it instead"
S,isoform_motifs_summary.RING_finger_density_per100aa,isoform_motifs_summary.RING_finger_density_per100aa high,>=,6462,0.0,0.0,0.0,0.0,0.0,1.0,"no in-band cutoff — continuous, range-filter it instead"
S,isoform_motifs_summary.SH3_ClassII,isoform_motifs_summary.SH3_ClassII low,<,6462,0.0,0.0,0.0,0.0,1.0,1.0,"no in-band cutoff — continuous, range-filter it instead"
S,isoform_motifs_summary.SH3_ClassI_density_per100aa,isoform_motifs_summary.SH3_ClassI_density_per100aa high,>=,6462,0.0,0.0,0.0,0.0,0.3115,1.0,"no in-band cutoff — continuous, range-filter it instead"
S,isoform_motifs_summary.ZnF_C2H2,isoform_motifs_summary.ZnF_C2H2 high,>=,6462,0.0,0.0,0.0,0.0,0.0,1.0,"no in-band cutoff — continuous, range-filter it instead"
S,isoform_motifs_summary.ZnF_C2H2_density_per100aa,isoform_motifs_summary.ZnF_C2H2_density_per100aa high,>=,6462,0.0,0.0,0.0,0.0,0.0,1.0,"no in-band cutoff — continuous, range-filter it instead"
S,isoform_motifs_summary.total_1433,isoform_motifs_summary.total_1433 low,<,6462,0.0,0.0,0.0,1.0,2.0,1.0,"no in-band cutoff — continuous, range-filter it instead"
S,isoform_sae_features_canonical_only__len,isoform_sae_features_canonical_only__len high,>=,6462,11.0,27.0,30.0,30.0,30.0,1.0,"no in-band cutoff — continuous, range-filter it instead"
S,isoform_sae_features_isoform_only__len,isoform_sae_features_isoform_only__len high,>=,6462,12.0,25.0,30.0,30.0,30.0,1.0,"no in-band cutoff — continuous, range-filter it instead"
S,isoform_sae_n_canonical_only,isoform_sae_n_canonical_only high,>=,6462,11.0,27.0,122.0,562.0,1510.8499999999995,0.5,"no in-band cutoff — continuous, range-filter it instead"
S,isoform_sae_n_canonical_total,isoform_sae_n_canonical_total high,>=,6462,658.0,1053.0,1448.0,1875.0,2645.5999999999985,0.929,"no in-band cutoff — continuous, range-filter it instead"
S,isoform_sae_n_isoform_only,isoform_sae_n_isoform_only high,>=,6462,12.0,25.0,43.0,85.0,248.0,1.0,"no in-band cutoff — continuous, range-filter it instead"
S,isoform_sae_n_isoform_total,isoform_sae_n_isoform_total high,>=,6462,345.0,765.0,1135.0,1592.75,2338.0,0.417,"no in-band cutoff — continuous, range-filter it instead"
S,isoform_sae_n_unique_region_features,isoform_sae_n_unique_region_features high,>=,6462,64.0,131.0,281.0,761.0,1820.0,0.714,"no in-band cutoff — continuous, range-filter it instead"
S,isoform_sae_unique_region_top_features__len,isoform_sae_unique_region_top_features__len high,>=,6462,30.0,30.0,30.0,30.0,30.0,,"no in-band cutoff — continuous, range-filter it instead"
