gene_name,tis_id,orf_type
ASPM,chr1:197146533:-:CTG:ENST00000367409.9,extended
CBX1,chr17:48101392:-:GTG:ENST00000225603.9,extended
CBX1,chr17:48101353:-:CTG:ENST00000225603.9,extended
CBX1,chr17:48077016:-:CTG:ENST00000225603.9,extended
CBX1,chr17:48076938:-:GTG:ENST00000225603.9,truncated
CBX1,chr17:48076878:-:AAG:ENST00000225603.9,truncated
CDC34,chr19:531766:+:CTG:ENST00000215574.9,extended
CDC34,chr19:535896:+:AAG:ENST00000215574.9,truncated
EIF2B1,chr12:123633644:-:CTG:ENST00000424014.7,extended
EIF2B1,chr12:123633548:-:AAG:ENST00000424014.7,truncated
EIF2B1,chr12:123632402:-:ATG:ENST00000424014.7,truncated
FMR1,chrX:147912227:+:AAG:ENST00000621453.5,truncated
MAD2L1,chr4:120066797:-:TTG:ENST00000296509.11,extended
MAD2L1,chr4:120066779:-:CTG:ENST00000296509.11,extended
MAD2L1,chr4:120065801:-:ATT:ENST00000296509.11,truncated
SKA3,chr13:21176521:-:GTG:ENST00000298260.8,uoorf
SKA3,chr13:21176414:-:ACG:ENST00000314759.6,truncated
SRSF2,chr17:76737265:-:GTG:ENST00000585202.5,extended
TRIP13,chr5:892926:+:GTG:ENST00000166345.8,extended
TRNT1,chr3:3129127:+:ATG:ENST00000251607.11,truncated
UBE2D2,chr5:139561698:+:ATC:ENST00000398733.8,extended
UBE2M,chr19:58558576:-:ACG:ENST00000253023.8,extended
