matrix,n,set,component,rank,row_index,gene_name,tis_id,orf_type,is_anchor,value,inf_norm,PC1,PC2,PC3,PC4,PC5,PC6,PC7,PC8,PC9,PC10
all-ORF,5,Y,1.0,,2791,LGALS1,chr22:37675690:+:CTG:ENST00000215909.10,extended,False,5.0108223068013125,5.0108223068013125,5.0108223068013125,-0.6929310094420343,1.0527554618264556,0.10934437591218135,4.512585465937628,1.5894273642859735,-0.920068571985938,0.14455169066022747,1.4506347006882792,-0.39506487925923217
all-ORF,5,Y,2.0,,3628,NUCKS1,chr1:205718417:-:AAG:ENST00000367142.5,truncated,False,4.483687027080546,4.483687027080546,-0.7246152437011851,4.483687027080546,1.5527828271016964,0.2981012435413107,1.6560787756172812,-0.540544319453385,-0.37588349802682536,-0.30561450388403577,0.1361389099563225,0.03881775555457026
all-ORF,5,Y,3.0,,2468,INCENP,chr11:62124150:+:GTG:ENST00000394818.8,extended,False,4.085631183888929,4.085631183888929,-1.5806559795112078,-0.1014855686011696,4.085631183888929,0.5008496700495974,0.1413665901677628,0.43434211883875706,0.510192956061726,-0.15923278387671816,0.2923756855772815,0.018679904391439565
all-ORF,5,Y,4.0,,780,CBX5,chr12:54257644:-:AAG:ENST00000439541.6,truncated,False,3.6799170183336596,3.6799170183336596,0.6123109268483864,0.76906955276204,1.7482367343810765,3.6799170183336596,-0.48471307996906765,-0.21517125031369605,-0.4981610471903085,0.5512808220624373,0.5297644592505233,0.1570684907713319
all-ORF,5,Y,5.0,,2369,HSP90AA1,chr14:102087024:-:GTG:ENST00000216281.13,extended,False,6.419648805773971,6.419648805773971,1.8152985433782476,-1.5049115586350175,2.1166298570202735,-1.4860069046871338,6.419648805773971,2.8037550890679284,-0.7784282818533861,2.340039889697519,3.1876352112689417,-0.9371073572482588
all-ORF,5,Z,1.0,,2679,KMT2C,chr7:152187716:-:AGG:ENST00000262189.11,truncated,False,-6.176032569042394,6.176032569042394,-6.176032569042394,-0.9785437523403172,0.6741567762356009,-1.6128894073843159,1.0148388459126774,-0.06553117364842684,-0.46917413374111233,-0.6750075874892987,0.6541469846577621,-0.6097904293521722
all-ORF,5,Z,2.0,,1983,GBE1,chr3:81761505:-:ATG:ENST00000429644.7,truncated,False,-3.7899574614034646,3.7899574614034646,0.16390119545301648,-3.7899574614034646,0.1421230026076247,0.2583874570272847,0.4549796509554988,0.20769962501621084,-0.8790451874321215,-0.9717106855375627,0.5435291146462295,-0.29934612908287567
all-ORF,5,Z,3.0,,480,ATP9A,chr20:51604919:-:GTG:ENST00000338821.6,truncated,False,-3.2122717388363933,3.2122717388363933,-0.9874831728316542,1.296022539544922,-3.2122717388363933,-1.315725976952016,-0.6512138899996243,1.1589315500785167,-0.005463607908325963,-0.1718938744055379,0.27881256578881863,-0.497608130902518
all-ORF,5,Z,4.0,,3988,PIEZO1,chr16:88785126:-:ACG:ENST00000301015.14,extended,False,-3.8689376810662717,3.8689376810662717,-1.9182102965839727,-2.8155054634830314,1.6003021078888513,-3.8689376810662717,1.3009339679230894,1.9017676924668647,1.0417317787767437,1.410872474010012,1.1307457370700187,-0.39017321056860216
all-ORF,5,Z,5.0,,1735,ETAA1,chr2:67397342:+:ATG:ENST00000272342.6,uorf,False,-2.7200286075394557,2.7200286075394557,0.9194183981009076,2.5209191937892728,0.33353764446536477,-1.4179099798334256,-2.7200286075394557,1.2583764172107965,-0.863732351632515,-1.414491415846841,1.1971006642390882,-2.139027137924353
all-ORF,5,W,,1.0,4896,SGCB,chr4:52033619:-:AAG:ENST00000381431.10,truncated,False,,0.29979879661017483,0.01993566962909978,-0.23325376895987932,-0.13620237000456528,-0.29979879661017483,-0.2518478671136412,0.7873121550572617,0.9795333862457543,1.9893200914745346,0.2986665446335762,-1.3803781246087397
all-ORF,5,W,,2.0,38,ACBD5,chr10:27240394:-:ATG:ENST00000375897.7,truncated,False,,0.308094605338311,-0.2900058796388744,-0.27202221339407634,0.11640480734198524,-0.308094605338311,0.02881534249426534,-0.039082633907089374,1.4940242438671287,0.43732758764246743,0.33782159610878204,0.36512560130153615
all-ORF,5,W,,3.0,1345,DELE1,chr5:141924624:+:AAG:ENST00000432126.7,truncated,False,,0.32312853757550203,-0.10711399747986852,-0.19631268293437903,0.32312853757550203,0.07735666365385908,-0.28937993074092105,-0.09232097324789426,1.3771972796059868,-0.4192545828446648,0.4236838389048461,0.15560745150191116
all-ORF,5,W,,4.0,5802,TRIM26,chr6:30198935:-:AAG:ENST00000453195.5,truncated,False,,0.35260195401601063,-0.35260195401601063,-0.10132500588108663,-0.2588554362218924,0.25326519351739346,-0.13615135582870322,-0.866541149566236,0.1157854991553401,-0.032510603866861415,0.42089316178085195,-0.06812834414197956
all-ORF,5,W,,5.0,2882,LRRC58,chr3:120349006:-:TTG:ENST00000295628.4,truncated,False,,0.38330539236926003,0.1971602055404411,-0.19158961491408544,-0.26281399655460735,-0.03321569293228232,-0.38330539236926003,0.14188642222521816,-0.2494758188490457,0.14669132164534676,-0.4089354074423948,-0.6694402131479396
all-ORF,10,Y,1.0,,2791,LGALS1,chr22:37675690:+:CTG:ENST00000215909.10,extended,False,5.0108223068013125,5.0108223068013125,5.0108223068013125,-0.6929310094420343,1.0527554618264556,0.10934437591218135,4.512585465937628,1.5894273642859735,-0.920068571985938,0.14455169066022747,1.4506347006882792,-0.39506487925923217
all-ORF,10,Y,2.0,,3628,NUCKS1,chr1:205718417:-:AAG:ENST00000367142.5,truncated,False,4.483687027080546,4.483687027080546,-0.7246152437011851,4.483687027080546,1.5527828271016964,0.2981012435413107,1.6560787756172812,-0.540544319453385,-0.37588349802682536,-0.30561450388403577,0.1361389099563225,0.03881775555457026
all-ORF,10,Y,3.0,,2468,INCENP,chr11:62124150:+:GTG:ENST00000394818.8,extended,False,4.085631183888929,4.085631183888929,-1.5806559795112078,-0.1014855686011696,4.085631183888929,0.5008496700495974,0.1413665901677628,0.43434211883875706,0.510192956061726,-0.15923278387671816,0.2923756855772815,0.018679904391439565
all-ORF,10,Y,4.0,,780,CBX5,chr12:54257644:-:AAG:ENST00000439541.6,truncated,False,3.6799170183336596,3.6799170183336596,0.6123109268483864,0.76906955276204,1.7482367343810765,3.6799170183336596,-0.48471307996906765,-0.21517125031369605,-0.4981610471903085,0.5512808220624373,0.5297644592505233,0.1570684907713319
all-ORF,10,Y,5.0,,2369,HSP90AA1,chr14:102087024:-:GTG:ENST00000216281.13,extended,False,6.419648805773971,6.419648805773971,1.8152985433782476,-1.5049115586350175,2.1166298570202735,-1.4860069046871338,6.419648805773971,2.8037550890679284,-0.7784282818533861,2.340039889697519,3.1876352112689417,-0.9371073572482588
all-ORF,10,Y,6.0,,2824,LMNA,chr1:156114909:+:CTG:ENST00000368300.9,extended,False,3.952460516769178,3.952460516769178,-0.9413806895718393,-1.3878961013414983,2.7500959675184835,1.198927648791106,2.493254563289256,3.952460516769178,-0.19249961593288772,2.069815407057889,2.6930186505958025,-0.2790765896889483
all-ORF,10,Y,7.0,,5582,TGOLN2,chr2:85327401:-:AAG:ENST00000377386.8,truncated,False,3.347036923847027,3.347036923847027,-0.26602113782519293,1.5662726495947952,1.2480418742924702,-1.5015841173771942,2.795533874817525,0.029433017757478724,3.347036923847027,-0.8225653450666107,-0.4830661796347699,-0.6124921646052705
all-ORF,10,Y,8.0,,3302,MTPN,chr7:135977304:-:GTG:ENST00000393085.4,extended,False,4.992002903117855,4.992002903117855,3.275643708068608,0.782477057244436,0.9020967617850387,-1.481758588349086,3.6007352217916258,2.028909359688715,-3.254866912572545,4.992002903117855,2.106415280826066,-0.020511288459269743
all-ORF,10,Y,9.0,,5317,SSR2,chr1:156020896:-:ATG:ENST00000295702.9,extended,False,3.8182313477270577,3.8182313477270577,3.7486054424404265,-1.7896441931836984,0.8726003421897208,-1.1810150413264395,1.476719221769036,1.9034039147975081,0.2974200855450649,3.6849763978965537,3.8182313477270577,-0.6912617073956261
all-ORF,10,Y,10.0,,5280,SRD5A1,chr5:6633557:+:ACG:ENST00000274192.7,uorf,False,3.0523273737642747,3.0523273737642747,1.8070462079834875,1.1507083032361083,0.6390403521576752,-2.572181145678206,0.014803529246968034,-0.2718204546548425,1.3896646195367781,0.5004682643537388,-0.3467915425463234,3.0523273737642747
all-ORF,10,Z,1.0,,2679,KMT2C,chr7:152187716:-:AGG:ENST00000262189.11,truncated,False,-6.176032569042394,6.176032569042394,-6.176032569042394,-0.9785437523403172,0.6741567762356009,-1.6128894073843159,1.0148388459126774,-0.06553117364842684,-0.46917413374111233,-0.6750075874892987,0.6541469846577621,-0.6097904293521722
all-ORF,10,Z,2.0,,1983,GBE1,chr3:81761505:-:ATG:ENST00000429644.7,truncated,False,-3.7899574614034646,3.7899574614034646,0.16390119545301648,-3.7899574614034646,0.1421230026076247,0.2583874570272847,0.4549796509554988,0.20769962501621084,-0.8790451874321215,-0.9717106855375627,0.5435291146462295,-0.29934612908287567
all-ORF,10,Z,3.0,,480,ATP9A,chr20:51604919:-:GTG:ENST00000338821.6,truncated,False,-3.2122717388363933,3.2122717388363933,-0.9874831728316542,1.296022539544922,-3.2122717388363933,-1.315725976952016,-0.6512138899996243,1.1589315500785167,-0.005463607908325963,-0.1718938744055379,0.27881256578881863,-0.497608130902518
all-ORF,10,Z,4.0,,3988,PIEZO1,chr16:88785126:-:ACG:ENST00000301015.14,extended,False,-3.8689376810662717,3.8689376810662717,-1.9182102965839727,-2.8155054634830314,1.6003021078888513,-3.8689376810662717,1.3009339679230894,1.9017676924668647,1.0417317787767437,1.410872474010012,1.1307457370700187,-0.39017321056860216
all-ORF,10,Z,5.0,,1735,ETAA1,chr2:67397342:+:ATG:ENST00000272342.6,uorf,False,-2.7200286075394557,2.7200286075394557,0.9194183981009076,2.5209191937892728,0.33353764446536477,-1.4179099798334256,-2.7200286075394557,1.2583764172107965,-0.863732351632515,-1.414491415846841,1.1971006642390882,-2.139027137924353
all-ORF,10,Z,6.0,,2198,GTPBP6,chrY:316965:-:ACG:ENST00000711233.2,truncated,False,-2.7411068675366947,2.7411068675366947,-0.3071356006007224,-0.5279689807053897,-0.150175123364269,-1.4347050442353062,0.09377126227092811,-2.7411068675366947,0.5880175471674469,0.22518664603874375,0.6476971879142418,-1.1146881208655182
all-ORF,10,Z,7.0,,3302,MTPN,chr7:135977304:-:GTG:ENST00000393085.4,extended,False,-3.254866912572545,4.992002903117855,3.275643708068608,0.782477057244436,0.9020967617850387,-1.481758588349086,3.6007352217916258,2.028909359688715,-3.254866912572545,4.992002903117855,2.106415280826066,-0.020511288459269743
all-ORF,10,Z,8.0,,5191,SOD2,chr6:159693237:-:GTG:ENST00000538183.7,uorf,False,-3.5421446665983205,3.5421446665983205,3.2158652865788477,1.7835897466804769,0.5136383528963676,-1.640026041937896,0.5480999647443942,-0.7542927134647714,-0.25440176282121674,-3.5421446665983205,-0.15833953336638004,2.543669469978022
all-ORF,10,Z,9.0,,5263,SPPL3,chr12:120904335:-:GTG:ENST00000353487.7,extended,False,-3.2160486020118384,3.2160486020118384,0.7384986719794614,-0.12224500072743841,0.13463862933020612,-1.965030456686323,-1.2210556734357438,-0.2550212038933841,-0.007231123033484426,1.7020304547924718,-3.2160486020118384,1.4655343450956653
all-ORF,10,Z,10.0,,3147,MLLT10,chr10:21534695:+:ATG:ENST00000377100.8,truncated,False,-2.89345042617674,2.89345042617674,-0.8038200398570804,1.2901886812884436,0.03966008455452947,0.457745809961023,-0.5424058976758419,0.34677887754069997,-0.6016072238663216,-0.7727144823920824,0.41600693907821007,-2.89345042617674
all-ORF,10,W,,1.0,6131,VPS36,chr13:52442403:-:CTG:ENST00000378060.9,truncated,False,,0.5734135648062829,-0.09170845224838636,-0.11871793461374341,-0.49946326689200937,0.5391174907301752,-0.009605052966536506,0.5734135648062829,0.4790021845323932,-0.09717824371399869,-0.2644997205337257,0.4645090875707299
all-ORF,10,W,,2.0,649,BTG1,chr12:92145451:-:AAG:ENST00000256015.5,truncated,False,,0.6205827079769638,0.36916646091951344,0.588733645821234,-0.6205827079769638,0.5935460943613736,-0.42352009794994017,-0.15778502210065498,0.56428280435557,0.5564090341595593,-0.073413458025476,0.312838140767354
all-ORF,10,W,,3.0,2882,LRRC58,chr3:120349006:-:TTG:ENST00000295628.4,truncated,False,,0.6694402131479396,0.1971602055404411,-0.19158961491408544,-0.26281399655460735,-0.03321569293228232,-0.38330539236926003,0.14188642222521816,-0.2494758188490457,0.14669132164534676,-0.4089354074423948,-0.6694402131479396
all-ORF,10,W,,4.0,5769,TPGS2,chr18:36818941:-:ATA:ENST00000334295.9,truncated,False,,0.6705352289514426,0.4865120564956981,-0.35701860185316897,-0.3850680950449423,0.5249859043067939,0.14632120355720157,-0.037512418923236805,0.6705352289514426,0.23096876822388496,-0.11476115989530637,0.33660419968570804
all-ORF,10,W,,5.0,5404,SUGT1,chr13:52658418:+:AAG:ENST00000310528.9,truncated,False,,0.6802421955210726,-0.17855921591124452,0.3001370520276443,-0.6561991824863957,0.3423701049422238,-0.07632908867862137,-0.6098809635910101,0.4437008950832314,0.6802421955210726,-0.15227040035459666,0.13714988169972261
all-ORF,10,W,,6.0,4717,RTKN2,chr10:62262782:-:ATG:ENST00000373789.8,truncated,False,,0.6805802421930884,-0.265562967396305,-0.6805802421930884,-0.41399386882453154,0.054483469802395615,-0.5626367705765135,-0.014415435623920786,0.17856944151341092,0.13924311811783294,-0.3193561034318947,-0.38355433698340907
all-ORF,10,W,,7.0,5402,SUGT1,chr13:52652956:+:AGG:ENST00000310528.9,truncated,False,,0.6871250748458428,0.33934183204494445,-0.3404726944115742,0.3418823011690288,0.5034518328342112,-0.681063465724268,-0.29477132757222696,0.6871250748458428,0.09802902781329961,-0.09731567644589455,-0.3590804576608372
all-ORF,10,W,,8.0,1413,DLG3,chrX:70455208:+:CTG:ENST00000542398.1,extended,False,,0.6897445695225127,-0.3212617849815528,-0.6897445695225127,0.30701462370554866,-0.3572461179634677,-0.0003121183066062104,0.0612890879355753,-0.12763497364805373,0.37190614822170764,-0.6200878784998476,-0.34463257155488247
all-ORF,10,W,,9.0,3135,MKRN2,chr3:12570080:+:ACG:ENST00000170447.12,truncated,False,,0.6923736325824464,-0.6923736325824464,0.061351362559030835,-0.20322311614925792,0.3730738879674078,0.16161475487436874,-0.37032752262169344,-0.22106690805301704,-0.49139623484389916,-0.15194421972315905,0.3602759752417775
all-ORF,10,W,,10.0,434,ATE1,chr10:121927871:-:AAG:ENST00000369043.8,truncated,False,,0.7124879153697332,0.08776737016637076,-0.7124879153697332,-0.5380213936512892,0.4326790955315428,0.04602291036497611,-0.3722577847925542,0.2849105534895244,0.20248938162188246,-0.21241101967720225,0.011014142476934009
all-ORF,15,Y,1.0,,2791,LGALS1,chr22:37675690:+:CTG:ENST00000215909.10,extended,False,5.0108223068013125,5.0108223068013125,5.0108223068013125,-0.6929310094420343,1.0527554618264556,0.10934437591218135,4.512585465937628,1.5894273642859735,-0.920068571985938,0.14455169066022747,1.4506347006882792,-0.39506487925923217
all-ORF,15,Y,2.0,,3628,NUCKS1,chr1:205718417:-:AAG:ENST00000367142.5,truncated,False,4.483687027080546,4.483687027080546,-0.7246152437011851,4.483687027080546,1.5527828271016964,0.2981012435413107,1.6560787756172812,-0.540544319453385,-0.37588349802682536,-0.30561450388403577,0.1361389099563225,0.03881775555457026
all-ORF,15,Y,3.0,,2468,INCENP,chr11:62124150:+:GTG:ENST00000394818.8,extended,False,4.085631183888929,4.085631183888929,-1.5806559795112078,-0.1014855686011696,4.085631183888929,0.5008496700495974,0.1413665901677628,0.43434211883875706,0.510192956061726,-0.15923278387671816,0.2923756855772815,0.018679904391439565
all-ORF,15,Y,4.0,,780,CBX5,chr12:54257644:-:AAG:ENST00000439541.6,truncated,False,3.6799170183336596,3.6799170183336596,0.6123109268483864,0.76906955276204,1.7482367343810765,3.6799170183336596,-0.48471307996906765,-0.21517125031369605,-0.4981610471903085,0.5512808220624373,0.5297644592505233,0.1570684907713319
all-ORF,15,Y,5.0,,2369,HSP90AA1,chr14:102087024:-:GTG:ENST00000216281.13,extended,False,6.419648805773971,6.419648805773971,1.8152985433782476,-1.5049115586350175,2.1166298570202735,-1.4860069046871338,6.419648805773971,2.8037550890679284,-0.7784282818533861,2.340039889697519,3.1876352112689417,-0.9371073572482588
all-ORF,15,Y,6.0,,2824,LMNA,chr1:156114909:+:CTG:ENST00000368300.9,extended,False,3.952460516769178,3.952460516769178,-0.9413806895718393,-1.3878961013414983,2.7500959675184835,1.198927648791106,2.493254563289256,3.952460516769178,-0.19249961593288772,2.069815407057889,2.6930186505958025,-0.2790765896889483
all-ORF,15,Y,7.0,,5582,TGOLN2,chr2:85327401:-:AAG:ENST00000377386.8,truncated,False,3.347036923847027,3.347036923847027,-0.26602113782519293,1.5662726495947952,1.2480418742924702,-1.5015841173771942,2.795533874817525,0.029433017757478724,3.347036923847027,-0.8225653450666107,-0.4830661796347699,-0.6124921646052705
all-ORF,15,Y,8.0,,3302,MTPN,chr7:135977304:-:GTG:ENST00000393085.4,extended,False,4.992002903117855,4.992002903117855,3.275643708068608,0.782477057244436,0.9020967617850387,-1.481758588349086,3.6007352217916258,2.028909359688715,-3.254866912572545,4.992002903117855,2.106415280826066,-0.020511288459269743
all-ORF,15,Y,9.0,,5317,SSR2,chr1:156020896:-:ATG:ENST00000295702.9,extended,False,3.8182313477270577,3.8182313477270577,3.7486054424404265,-1.7896441931836984,0.8726003421897208,-1.1810150413264395,1.476719221769036,1.9034039147975081,0.2974200855450649,3.6849763978965537,3.8182313477270577,-0.6912617073956261
all-ORF,15,Y,10.0,,5280,SRD5A1,chr5:6633557:+:ACG:ENST00000274192.7,uorf,False,3.0523273737642747,3.0523273737642747,1.8070462079834875,1.1507083032361083,0.6390403521576752,-2.572181145678206,0.014803529246968034,-0.2718204546548425,1.3896646195367781,0.5004682643537388,-0.3467915425463234,3.0523273737642747
all-ORF,15,Y,11.0,,1764,F8A2,chrX:155382240:+:GTG:ENST00000369505.5,truncated,False,2.5372474064593735,2.5372474064593735,1.3041123409058768,0.6414408333206596,0.4805703055800699,-1.0659105064026202,0.18285255421979912,-1.4631404969908177,1.031478214893647,0.6920051896316983,-0.21520527960623367,-0.6638506290624476
all-ORF,15,Y,12.0,,1346,DELE1,chr5:141933272:+:AAG:ENST00000432126.7,truncated,False,2.094522991153011,2.094522991153011,-0.3564431556293701,0.44892415401023905,-0.7911081767069127,-0.5135380521867129,0.18384114868079451,-0.6803084869326367,0.871558743810017,-0.16047506489136615,-0.07588664085691128,-0.19074970728548313
all-ORF,15,Y,13.0,,5821,TRIM6,chr11:5596858:+:TTG:ENST00000380097.8,extended,False,3.052468173822446,3.052468173822446,0.47174102928855627,-1.1423899044205814,1.3295214857615028,-2.1657621090471766,-0.666837885581238,-0.7548444730156393,0.2666210141120411,-0.7977104666634042,0.36914287897816334,-0.6649973534078643
all-ORF,15,Y,14.0,,4520,RFT1,chr3:53122385:-:GTG:ENST00000296292.8,truncated,False,2.1405930066891607,2.1502703841165567,0.05050430326868826,-1.082616709298018,-2.1502703841165567,0.195367623269687,-1.4027513832510274,0.1556330614720432,0.7758077337276549,0.8304836494325926,0.07545840029708457,0.31295773412341443
all-ORF,15,Y,15.0,,6110,VKORC1,chr16:31094699:-:GTG:ENST00000394975.3,truncated,False,2.381406745786677,2.911314566120488,2.911314566120488,-0.36838087611490106,-0.9292645509030165,-0.8439750071161615,1.248251902792624,-0.3540664241962953,0.47813555945149766,-1.3484837377619108,0.09458164992019237,-0.8090151753589716
all-ORF,15,Z,1.0,,2679,KMT2C,chr7:152187716:-:AGG:ENST00000262189.11,truncated,False,-6.176032569042394,6.176032569042394,-6.176032569042394,-0.9785437523403172,0.6741567762356009,-1.6128894073843159,1.0148388459126774,-0.06553117364842684,-0.46917413374111233,-0.6750075874892987,0.6541469846577621,-0.6097904293521722
all-ORF,15,Z,2.0,,1983,GBE1,chr3:81761505:-:ATG:ENST00000429644.7,truncated,False,-3.7899574614034646,3.7899574614034646,0.16390119545301648,-3.7899574614034646,0.1421230026076247,0.2583874570272847,0.4549796509554988,0.20769962501621084,-0.8790451874321215,-0.9717106855375627,0.5435291146462295,-0.29934612908287567
all-ORF,15,Z,3.0,,480,ATP9A,chr20:51604919:-:GTG:ENST00000338821.6,truncated,False,-3.2122717388363933,3.2122717388363933,-0.9874831728316542,1.296022539544922,-3.2122717388363933,-1.315725976952016,-0.6512138899996243,1.1589315500785167,-0.005463607908325963,-0.1718938744055379,0.27881256578881863,-0.497608130902518
all-ORF,15,Z,4.0,,3988,PIEZO1,chr16:88785126:-:ACG:ENST00000301015.14,extended,False,-3.8689376810662717,3.8689376810662717,-1.9182102965839727,-2.8155054634830314,1.6003021078888513,-3.8689376810662717,1.3009339679230894,1.9017676924668647,1.0417317787767437,1.410872474010012,1.1307457370700187,-0.39017321056860216
all-ORF,15,Z,5.0,,1735,ETAA1,chr2:67397342:+:ATG:ENST00000272342.6,uorf,False,-2.7200286075394557,2.7200286075394557,0.9194183981009076,2.5209191937892728,0.33353764446536477,-1.4179099798334256,-2.7200286075394557,1.2583764172107965,-0.863732351632515,-1.414491415846841,1.1971006642390882,-2.139027137924353
all-ORF,15,Z,6.0,,2198,GTPBP6,chrY:316965:-:ACG:ENST00000711233.2,truncated,False,-2.7411068675366947,2.7411068675366947,-0.3071356006007224,-0.5279689807053897,-0.150175123364269,-1.4347050442353062,0.09377126227092811,-2.7411068675366947,0.5880175471674469,0.22518664603874375,0.6476971879142418,-1.1146881208655182
all-ORF,15,Z,7.0,,3302,MTPN,chr7:135977304:-:GTG:ENST00000393085.4,extended,False,-3.254866912572545,4.992002903117855,3.275643708068608,0.782477057244436,0.9020967617850387,-1.481758588349086,3.6007352217916258,2.028909359688715,-3.254866912572545,4.992002903117855,2.106415280826066,-0.020511288459269743
all-ORF,15,Z,8.0,,5191,SOD2,chr6:159693237:-:GTG:ENST00000538183.7,uorf,False,-3.5421446665983205,3.5421446665983205,3.2158652865788477,1.7835897466804769,0.5136383528963676,-1.640026041937896,0.5480999647443942,-0.7542927134647714,-0.25440176282121674,-3.5421446665983205,-0.15833953336638004,2.543669469978022
all-ORF,15,Z,9.0,,5263,SPPL3,chr12:120904335:-:GTG:ENST00000353487.7,extended,False,-3.2160486020118384,3.2160486020118384,0.7384986719794614,-0.12224500072743841,0.13463862933020612,-1.965030456686323,-1.2210556734357438,-0.2550212038933841,-0.007231123033484426,1.7020304547924718,-3.2160486020118384,1.4655343450956653
all-ORF,15,Z,10.0,,3147,MLLT10,chr10:21534695:+:ATG:ENST00000377100.8,truncated,False,-2.89345042617674,2.89345042617674,-0.8038200398570804,1.2901886812884436,0.03966008455452947,0.457745809961023,-0.5424058976758419,0.34677887754069997,-0.6016072238663216,-0.7727144823920824,0.41600693907821007,-2.89345042617674
all-ORF,15,Z,11.0,,6401,ZNF507,chr19:32352887:+:ATA:ENST00000355898.6,truncated,False,-3.5331944287797157,3.5331944287797157,-2.3777584030134293,0.07512366587872711,2.263641499742496,1.2207089804283051,-1.0024153570007535,0.22305650222593687,-0.19296115796800095,-0.19590708008054059,-0.06522203891384512,-0.6927849445970751
all-ORF,15,Z,12.0,,2331,HNRNPR,chr1:23311319:-:ATG:ENST00000478691.5,truncated,False,-2.4216587171026758,2.4216587171026758,-2.361934043019611,1.9774267218190031,1.0660745805577085,1.3559996728270856,0.36654843381504215,-0.1869174079112177,-0.30480970469852536,1.1738677620224967,0.26844442118265127,1.7252541465417697
all-ORF,15,Z,13.0,,430,ASXL2,chr2:25878448:-:ATG:ENST00000435504.9,uorf,False,-2.305272725488974,2.7027512590066327,-0.5695906194820033,2.7027512590066327,0.9376333765293398,-0.9362932880098972,-2.303171512779177,1.8365776061920855,-1.7308467627705444,-1.7090450507801676,0.4654684196004146,-0.06482560423915441
all-ORF,15,Z,14.0,,1519,DYNC1H1,chr14:101964736:+:TTG:ENST00000360184.10,truncated,False,-2.4931783142592048,3.5153997712705305,-3.5153997712705305,-3.2702846553342733,0.7990650797596028,-0.6201502557816998,0.2406142984906521,2.2442850551987403,0.1413952104224261,-1.1529033288975106,0.01716447065243459,-0.6582315301963333
all-ORF,15,Z,15.0,,77,ADAR,chr1:154601816:-:TTG:ENST00000368471.8,extended,False,-1.9712508863552043,2.0993532774072454,-2.0993532774072454,-1.966241240977402,1.5618354328277786,-0.19631018701865605,-1.1328248376630947,-0.18309735360491963,-0.07271460815069855,-0.9711998409616908,-0.9376647213339975,0.46900160872941354
all-ORF,15,W,,1.0,5769,TPGS2,chr18:36818941:-:ATA:ENST00000334295.9,truncated,False,,0.6705352289514426,0.4865120564956981,-0.35701860185316897,-0.3850680950449423,0.5249859043067939,0.14632120355720157,-0.037512418923236805,0.6705352289514426,0.23096876822388496,-0.11476115989530637,0.33660419968570804
all-ORF,15,W,,2.0,4717,RTKN2,chr10:62262782:-:ATG:ENST00000373789.8,truncated,False,,0.6805802421930884,-0.265562967396305,-0.6805802421930884,-0.41399386882453154,0.054483469802395615,-0.5626367705765135,-0.014415435623920786,0.17856944151341092,0.13924311811783294,-0.3193561034318947,-0.38355433698340907
all-ORF,15,W,,3.0,434,ATE1,chr10:121927871:-:AAG:ENST00000369043.8,truncated,False,,0.7124879153697332,0.08776737016637076,-0.7124879153697332,-0.5380213936512892,0.4326790955315428,0.04602291036497611,-0.3722577847925542,0.2849105534895244,0.20248938162188246,-0.21241101967720225,0.011014142476934009
all-ORF,15,W,,4.0,4386,RAD51D,chr17:35119532:-:GTG:ENST00000335858.11,truncated,False,,0.7251892781431236,-0.028907601856639806,-0.19363874194285843,-0.7251892781431236,0.2888201859944273,-0.43554993786026214,-0.6695603294953759,0.6231053535541478,-0.10959266955814896,0.6590043638385242,-0.019794735687248582
all-ORF,15,W,,5.0,5404,SUGT1,chr13:52658418:+:AAG:ENST00000310528.9,truncated,False,,0.7386149825718209,-0.17855921591124452,0.3001370520276443,-0.6561991824863957,0.3423701049422238,-0.07632908867862137,-0.6098809635910101,0.4437008950832314,0.6802421955210726,-0.15227040035459666,0.13714988169972261
all-ORF,15,W,,6.0,5069,SLF1,chr5:94628828:+:AAG:ENST00000508130.5,truncated,False,,0.7671856752341815,0.4569684048332114,-0.23619182060152702,0.44650537315238603,0.5264358365484384,-0.7671856752341815,0.7568319365115076,-0.5579694341632265,-0.6374994059208331,0.6789887758091236,-0.06923516582205291
all-ORF,15,W,,7.0,4043,PLEKHB2,chr2:131125865:+:ATG:ENST00000234115.10,truncated,False,,0.7827705710208446,0.31055765676065417,0.7823208841797049,-0.7827705710208446,0.7165440818410391,0.23943616453502242,0.4781601789248122,0.7348054460900594,-0.0679871101910468,0.1676395110092734,-0.7147604580757805
all-ORF,15,W,,8.0,2881,LRRC58,chr3:120349198:-:CTG:ENST00000295628.4,truncated,False,,0.7970382464450845,0.6423213476918072,-0.7970382464450845,0.7209783246885072,0.24859116927619618,-0.5159036793291548,0.2836651552285527,0.1648329090137522,0.2205599851989811,-0.18335580327185086,-0.5426848060945074
all-ORF,15,W,,9.0,4937,SIRT2,chr19:38899541:-:AGG:ENST00000392081.6,extended,False,,0.7997266438618994,-0.09789144411583325,-0.7997266438618994,0.28407974670619723,0.18737677216349066,-0.13683746499102978,-0.6123826492588594,-0.536752149321634,0.6799705752199292,-0.6917945968665954,-0.5249189478260111
all-ORF,15,W,,10.0,5402,SUGT1,chr13:52652956:+:AGG:ENST00000310528.9,truncated,False,,0.8154104627612935,0.33934183204494445,-0.3404726944115742,0.3418823011690288,0.5034518328342112,-0.681063465724268,-0.29477132757222696,0.6871250748458428,0.09802902781329961,-0.09731567644589455,-0.3590804576608372
all-ORF,15,W,,11.0,3154,MMACHC,chr1:45500356:+:AAG:ENST00000616135.1,extended,False,,0.8182069327224571,0.2376570812429779,-0.8182069327224571,-0.7385263743042396,0.4430608499009493,-0.06170623364920752,0.14751167062811404,-0.055794500053538074,0.12737264137407597,0.405267743100123,0.04520642705967784
all-ORF,15,W,,12.0,5403,SUGT1,chr13:52658415:+:AAG:ENST00000310528.9,truncated,False,,0.8196808972386064,-0.3727243000789786,0.3462756434095294,-0.8196808972386064,0.5600876632202492,-0.39243763678366267,-0.6322864970665988,0.630632403713077,0.25013641404217457,-0.3558964467990826,0.029741228118428782
all-ORF,15,W,,13.0,5434,SWAP70,chr11:9664254:+:AAG:ENST00000318950.11,truncated,False,,0.8235577793876782,-0.16887483733460237,-0.4252705287388449,-0.244972997760659,0.8235577793876782,0.04467682383961332,0.3560377509580966,0.17266691700321266,-0.1422722153969225,0.076821927919319,0.3084084086594358
all-ORF,15,W,,14.0,5144,SMYD5,chr2:73218905:+:ATC:ENST00000389501.9,truncated,False,,0.8371125648279605,-0.31129369673004353,-0.6088252364116902,-0.43263841069092546,0.8371125648279605,-0.33390581621850257,-0.6809000505655564,-0.38064917167661355,0.19184535642747752,0.29635790789533994,0.687316240870767
all-ORF,15,W,,15.0,331,ARFIP1,chr4:152829723:+:AGG:ENST00000451320.6,truncated,False,,0.8553340743642331,0.26565318360838847,-0.41794033099252975,-0.41903312708021323,0.7337218604549741,-0.45529104519892355,0.6232220277076813,0.2545407615822465,0.37810124696677777,-0.8420829212922004,-0.8553340743642331
