criterion_id,legacy_id,axis,category,name,fires_when,source_module,source_field,config_field,threshold_value,secondary_config_fields,comparison,none_conditions,orf_type_handling,provisional,dist_min,dist_q1,dist_median,dist_q3,dist_max
C1_primate_conservation,E1,existence,Conservation,"Primate conservation (mean AA %identity, unique region)",primate_mean_pident >= 0.8,conservation_frame,primate_mean_pident,c1_pident_min,0.8,,"val >= c1_pident_min -> True; else False. primate_frac_intact appears in the reason string only — primate_frac_intact_min (0.5) is display context, not a score lever",conservation_frame not run (status not ok) or primate_mean_pident is None,unique region = isoform_orf minus canonical_orf; TRUNCATED flips to canonical_orf minus isoform_orf. Empty unique region -> status='no_unique_region' -> None,True,0.0,0.8942,0.96,0.99,1.0
C2_mammalian_conservation,E2,existence,Conservation,"Mammalian conservation (mean AA %identity, unique region)",mammalian_mean_pident >= 0.5,conservation_frame,mammalian_mean_pident,c2_pident_min,0.5,,"val >= c2_pident_min -> True; else False. mammalian_frac_intact_min (0.3) is display context, not a score lever",conservation_frame not run or mammalian_mean_pident is None,same unique-region flip as C1 (TRUNCATED reads canonical space),True,0.0,0.7318,0.8881,0.9632,1.0
C3_phylop_coding_selection,E3,existence,Conservation,PhyloP purifying selection over unique region,phylop_unique_region_mean >= 2.0,conservation,phylop_unique_region_mean,c3_phylop_min,2.0,,"val >= c3_phylop_min -> True; else False. Absolute mean PhyloP, NOT a unique-vs-shared ratio; phylop_enrichment is reason-string context only. Legacy phylop_coding_min (1.0) is unused","conservation not run, summary.region_status != 'ok' (note: region_status, not the generic status), or value None",same unique-region flip as C1; missing orf_exons/canonical_orf_exons -> region_status='no_skeleton' -> None,False,-7.5147,1.7549,3.554,4.688,8.4393
D1_multi_cell_line,E4,existence,Detection,Multi-cell-line reproducibility,n_cell_lines >= 3,(site.expression),len(site.expression),min_cell_lines,3,,n_cell_lines >= min_cell_lines -> True; else False (NEVER None). Counts cell lines only — no p-value or CPM filter is applied here,"never None (always evaluable); degenerate when min_cell_lines == 1 (True for every TIS by construction, a constant +1 on the existence score)","symmetric (expression-based, no ORF-type dependence)",False,1.0,1.0,1.0,2.0,6.0
D2_initiation_efficiency,E5,existence,Detection,Ribosome initiation efficiency (best across cell lines),max(initiation_efficiency) >= 0.01,(site.expression),max(exp.initiation_efficiency),initiation_efficiency_min,0.01,,"best >= initiation_efficiency_min -> True; else False (max, not mean)",no cell line carries an initiation_efficiency value,"symmetric (expression-based, no ORF-type dependence)",False,0.0009,0.0107,0.0217,0.0526,220.0
D3_mass_spec,E6,existence,Detection,Mass-spec validated isoform-unique peptides (PepQuery2),n_validated_unique_peptides >= 1,massspec,count(hits: unique_to_isoform is True AND validated is True),massspec_unique_peptides_min,1,,"n_validated_unique >= massspec_unique_peptides_min -> True; else False. Strict 'is True' on both flags, so None (unknown) never counts. Digest literals are hardcoded: missed_cleavages=1, min_length=7, max_length=30","massspec not run, summary.pepquery_run falsy/absent (search not precomputed), or hits is not a list",extension: peptides overlapping the isoform diff region (junction peptide included); truncation: ONLY the pos==0 peptide (new start through first cleavage) — canonical-pane peptides are explicitly refused; uORF/uoORF/altORF/internal-OOF/3'UTR and unclassified: full digest. An NME (Met-excised) variant is added for any classified pos==0 peptide,False,0.0,0.0,0.0,0.0,9.0
L1_localization_change,F2,functional,Localization,Subcellular localization change (DeepLoc),any localization *_changed is True (no numeric cutoff),comparison.localization,any key ending in '_changed' (prediction/signals/membrane),,categorical (no cutoff),,"any *_changed is True -> True; keys present but none True -> False. The comparator emits changed=False when BOTH panes are missing, so a one-sided module failure reads as 'unchanged' rather than unevaluable. Continuous deeploc_top_prob / per-compartment probabilities are displayed but not scored",comparison.localization missing or no *_changed fields emitted,symmetric (whole-protein predictions on both panes),False,,,,,
L2_targeting_change,F4,functional,Localization,Signal/targeting-peptide change (SignalP + TargetP),any signalp/targetp *_changed is True (no numeric cutoff),comparison.signalp / comparison.targetp,any key ending in '_changed' across both modules,,categorical (no cutoff),,"any *_changed True across signalp/targetp -> True (one available source suffices); both sources None -> None; else False — which includes 'one ran and said no change, the other never ran'",both comparison.signalp and comparison.targetp missing / no *_changed keys,symmetric (whole-protein predictions on both panes),False,,,,,
M1_pathogenic_variant_enrichment,F5,functional,Mutation Landscape,Germline constraint / depletion in unique region (ESM-C + gnomAD),constraint_enrichment >= 2.0 OR gnomad_depletion_ratio < 0.8,plm_vep + variant_intersection,plm_vep.constraint_enrichment ; variant_intersection.gnomad_depletion_ratio,m1_constraint_enrichment_min,2.0,m1_depletion_ratio_max=0.8,"OR of two branches pointing opposite directions: constrained = constraint_enrichment >= m1_constraint_enrichment_min; depleted = gnomad_depletion_ratio < m1_depletion_ratio_max (strict <). Constraint counts only when plm_vep top-level status == 'ok'; depletion needs only a numeric ratio (NOT status-gated, unlike M2). CAVEAT: when only one input exists the other branch is silently False, so a single available signal can produce a False that reads like a tested negative. Dormant: m1_min_pathogenic_in_unique, m1_llr_damaging_threshold","ONLY when both inputs are missing (plm_vep status != ok AND no numeric depletion ratio). Ratios are None upstream when unique_nt<=0, shared_nt<=0, or shared density == 0 — so separate-ORF isoforms yield None","unique/shared genomic intervals flip for TRUNCATED; PLM region space uses canonical protein coords for truncations, isoform coords otherwise (Annotated -> 'none'). Semantically interpretable ONLY on truncations: an extension's unique region was never coding, so ESM-C is out of distribution",True,0.0009,0.7861,1.6283,3.3431,3609.789
M2_clinical_variant_overlap,F6,functional,Mutation Landscape,"Disease-variant density enrichment (ClinVar + COSMIC, unique vs shared)",disease_enrichment_ratio >= 1.0,variant_intersection,disease_enrichment_ratio,m2_disease_enrichment_min,1.0,,"ratio >= m2_disease_enrichment_min -> True; else False. Per-nt density, unique vs shared. The default is a zero-point (parity), not a calibrated cutoff. Raw n_disease_in_{unique,shared}_region are reason-string context",variant_intersection not run (summary status not ok) or ratio not numeric (zero region length / zero shared density),same unique/shared interval flip for TRUNCATED as M1; variants outside both coding regions are dropped before counting,False,0.0,0.4973,0.8965,1.1002,11.2087
P1_structured_extension,F1,functional,Predicted Structure,Differential region is confidently folded (mean pLDDT),plddt_diffregion_mean >= 0.7,structure,plddt_diffregion_mean,p1_plddt_threshold,0.7,,"plddt >= p1_plddt_threshold -> True; else False. Scale-dependent: 0-1 for ESMFold2/Boltz-2 (0.70), would need 70.0 for AlphaFold-style backends","structure status in {no_cache, too_long, failed, uniform_plddt} or plddt unavailable. NOTE 'partial' is NOT excluded here (it is for P2)","diff-region pLDDT is read off the ISOFORM fold, or the CANONICAL fold when truncated = (orf_type=='truncated') or (isoform_start is None and canonical_start is not None). Measurement symmetric; narrative flips (gained fold vs lost fold)",False,0.3194,0.7326,0.8266,0.8877,0.9853
P2_shared_structural_change,F7,functional,Predicted Structure,"Shared-region structural change (Ca RMSD, Kabsch)","rmsd_shared >= 2.0 A AND shared_region_len >= 20 aa AND min(plddt_shared iso, canon) >= 0.7",structure,"rmsd_shared (gated by shared_region_len, plddt_shared_mean_{iso,canon})",p2_rmsd_shared_min,2.0,p2_min_shared_len=20; p2_plddt_min=0.7,"passed = rmsd_shared >= p2_rmsd_shared_min (A); reached only after 3 gates: rmsd_shared_status == 'ok', shared_region_len >= p2_min_shared_len (aa), min(plddt_shared_mean_isoform, plddt_shared_mean_canonical) >= p2_plddt_min. tm_score_shared is context only","structure status unusable (no_cache/too_long/failed/uniform_plddt/partial — 'partial' excluded here but not in P1), rmsd_shared_status != 'ok' (no_shared_region / unverified_alignment) or rmsd None, shared_region_len below the minimum, either shared pLDDT missing, or min(pLDDT) below the gate",ONLY 'extended' and 'truncated' are ever evaluable — every other ORF type (uORF/uoORF/altORF/internal-OOF/3'UTR/Annotated) gets rmsd_shared_status='no_shared_region' -> None. Pairing: extension aligns iso[diff_end:] to full canonical; truncation aligns full isoform to can[diff_end:]; the initiator_met case drops the leading M,True,0.0776,3.449,10.9347,23.0611,88.8906
P3_secondary_structure,(none),functional,Predicted Structure,Confident secondary-structure element in the differential region (P-SEA),some unique/spans element has length >= 6 aa AND that element's plddt_mean >= 0.7,structure,"sse_all_elements (region in {unique, spans}) -> length, plddt_mean",p3_min_sse_length,6,p3_min_sse_plddt=0.7,"True when SOME element with region in {unique, spans} has length >= p3_min_sse_length AND plddt_mean >= p3_min_sse_plddt — BOTH required, so a geometrically clean helix through a disordered stretch is not a finding. 'shared' elements are excluded. Never None once sse_status == 'ok': no qualifying element (or no elements at all) -> False. Uses the whole-protein scan at TRUE element length, not the window-clipped sse_diff_elements. Upstream floor structure/sse.py MIN_LENGTH={helix: 5, strand: 3} drops shorter elements before P3 ever sees them","structure annotation missing, status in {no_cache, too_long, failed, uniform_plddt}, or sse_status != 'ok' (no_structure / no_diff_region)","elements are read off the ISOFORM fold, or the CANONICAL fold when truncated (same predicate as P1) — the removed segment exists only there. Extension GAINS an element, truncation LOSES one",True,,,,,
S1_domain_change,F3,functional,Structural Characteristics,InterPro domain gained/lost in diff region,n_real_domains_changed_in_diff_region >= 1 (hardcoded),comparison.interproscan,n_real_domains_changed_in_diff_region,,">= 1 (hardcoded, no config field)",,"n_real_domains_changed_in_diff_region >= 1 -> True; else False. A domain counts only when it (a) is a real functional domain — non-empty interpro_id and db not in DISORDER_STRUCTURAL_DBS {mobidb-lite, coils, low_complexity, signalp, phobius, tmhmm}; (b) STARTS inside the diff region; and (c) is absent from the other pane, so a merely repositioned domain is not counted","comparison.interproscan missing, hits_canonical_status != 'ok' (S1 checks only the canonical pane), or count absent/non-numeric",extension/uORF/altORF: gains counted on the ISOFORM pane; truncation: losses counted on the CANONICAL pane in canonical coords. diff_region is None -> None,False,0.0,0.0,0.0,1.0,65.0
S2_biophysics,(none),functional,Structural Characteristics,Whole-protein biophysical shift (GRAVY / charge / disorder),|gravy_delta| >= 0.3 OR |fraction_charged_delta| >= 0.05 OR |disorder_delta| >= 0.05,comparison.biophysics,gravy_delta ; fraction_charged_delta ; disorder_delta,s2_gravy_delta_min,0.3,s2_fraction_charged_delta_min=0.05; s2_disorder_delta_min=0.05,"OR over three independent levers: |gravy_delta| >= s2_gravy_delta_min, |fraction_charged_delta| >= s2_fraction_charged_delta_min, |disorder_delta| >= s2_disorder_delta_min -> True; else False. Partial evaluability scores: 1 or 2 of the 3 deltas present is enough. Deltas are WHOLE-PROTEIN means (isoform - canonical), so a real but short diff region is length-diluted by design","comparison.biophysics missing, or zero of the three deltas numeric","symmetric whole-protein means — needs no shared region, so unlike P2 it does score uORF/altORF",True,0.0,0.0184,0.0549,0.15,2.7763
S3_sae,(none),functional,Structural Characteristics,Differential SAE feature magnitude (ESM-C interpretability),"max(|top_gained_delta_max|, |top_lost_delta_max|) >= 10.0",sae,"max(|top_gained_delta_max|, |top_lost_delta_max|)",s3_top_delta_min,10.0,,"top_delta >= s3_top_delta_min -> True; else False. Deltas are computed over the SHARED feature set (isoform-active AND canonical-active); n_isoform_only / n_canonical_only come from the symmetric difference and are reason-string context only. This REPLACED a presence check (n_isoform_only + n_canonical_only > 0) that was True for 100.0% of the 6,462 isoforms in the full_catalog run. Upstream literals: DEFAULT_MIN_PREVALENCE=1 residue, DEFAULT_UNIQUE_TOP_N=30","sae annotation missing, status != 'ok' (not_run / no_cache), or neither top delta is numeric",symmetric whole-protein feature comparison,False,0.3574,5.1347,9.3555,13.4063,30.8496
(rollup)_existence_high_confidence,(rollup),existence,(roll-up),"existence_high_confidence flag (over 6 criteria: C1-C3, D1-D3)",existence_score >= 5 AND existence_evaluable >= 5,EvidenceScoringModule,existence_score (count True) and existence_evaluable (count non-None),existence_high_threshold,5,,existence_score >= existence_high_threshold AND existence_evaluable >= existence_high_threshold — the same field is used both as the score cutoff and as the evaluable-count floor,n/a (boolean flag); summary.existence_axis_complete = evaluable == 6,n/a,False,,,,,
(rollup)_functional_high_confidence,(rollup),functional,(roll-up),"functional_high_confidence flag (over 10 criteria: L1-L2, M1-M2, P1-P3, S1-S3)",functional_score >= 3 AND functional_evaluable >= 3,EvidenceScoringModule,functional_score (count True) and functional_evaluable (count non-None),functional_high_threshold,3,,functional_score >= functional_high_threshold AND functional_evaluable >= functional_high_threshold — the same field is used both as the score cutoff and as the evaluable-count floor,n/a (boolean flag); summary.functional_axis_complete = evaluable == 10,n/a,False,,,,,
